idx,에너지(kcal),탄수화물(g),지방(g),식품명,단백질(g),1회제공량,당류(g),식이섬유(g),나트륨(mg)
0,423.85,18.56,29.56,BLT샌드위치,20.9,220.0,1.31,4.28,786.82
1,195.16,43.73,0.51,가래떡,3.92,100.0,0.0,0.61,240.57
2,204.63,0.92,2.78,가오리찜,43.98,200.0,0.11,4.86,302.21
3,186.62,14.6,2.66,가오리회무침,26.07,230.0,12.57,6.16,813.55
4,245.31,1.32,10.04,가자미구이,37.4,200.0,0.0,2.99,630.39
5,335.62,29.1,12.03,가자미식해,27.73,250.0,9.27,10.32,1711.42
6,230.28,6.91,11.06,가자미전,25.76,150.0,0.3,1.36,819.37
7,297.98,21.5,7.1,가자미조림,37.1,300.0,10.5,5.4,1692.83
8,17.95,2.09,0.75,가지나물무침,0.71,50.0,1.17,1.33,137.08
9,245.82,17.75,14.55,가지전,10.96,200.0,1.68,4.57,674.41
10,155.4,15.09,2.76,간장게장,17.56,250.0,10.53,2.75,2722.89
11,30.0,5.4,0.5,간장마늘쫑장아찌,1.0,50.0,3.9,1.6,813.64
12,740.27,10.56,46.94,간장양념닭다리구이,68.9,300.0,13.13,4.83,1628.76
13,646.67,35.75,39.2,간장양념닭다리튀김,37.71,200.0,7.41,4.28,820.61
14,543.73,42.48,32.44,간장양념치킨,20.46,200.0,10.54,0.57,1187.57
15,625.08,75.67,24.45,간짜장,25.59,500.0,4.28,7.51,2276.22
16,363.24,2.68,13.83,갈비탕,57.0,670.0,0.77,12.43,1330.59
17,275.69,1.2,10.95,갈치구이,43.07,200.0,0.0,13.38,594.47
18,100.82,6.16,2.81,갈치조림,12.72,100.0,6.29,2.63,567.55
19,94.75,4.88,2.51,갈치찌개,13.17,250.0,2.45,2.1,228.68
20,98.19,14.78,2.41,감자된장국,4.34,400.0,3.09,2.24,1429.93
21,100.18,12.41,4.84,감자볶음,1.75,100.0,3.37,1.69,318.41
22,189.19,18.37,11.98,감자샐러드,1.97,150.0,5.63,2.73,354.01
23,265.62,33.58,13.07,감자전,3.43,200.0,3.62,4.05,586.57
24,56.79,9.05,1.76,감자조림,1.2,50.0,3.84,0.91,243.52
25,139.78,17.03,6.79,감자채소볶음,2.65,130.0,0.15,2.65,270.72
26,295.63,18.37,20.89,감자크로켓,8.55,150.0,2.89,2.72,262.16
27,375.69,12.03,21.54,감자탕,33.43,530.0,0.0,12.48,1739.85
28,467.75,52.72,25.51,감자튀김,6.82,150.0,0.55,5.91,117.11
29,82.47,14.67,1.05,감잣국,3.59,400.0,3.41,2.6,859.81
30,16.53,1.88,0.54,갓김치,1.03,40.0,0.47,1.48,175.22
31,127.65,4.64,5.04,건갈치조림,15.93,100.0,5.35,2.2,1169.12
32,60.83,1.08,2.59,건새우볶음,8.31,20.0,0.81,1.45,310.78
33,44.4,3.2,2.7,건취나물무침,1.81,50.0,0.0,3.2,66.46
34,330.61,68.59,2.23,콩밥,9.06,200.0,0.0,2.25,6.87
35,415.25,31.7,12.1,게국지,44.9,1100.0,10.8,24.4,4047.26
36,564.83,107.35,7.09,게살죽,17.9,800.0,0.17,5.45,1453.82
37,319.47,74.22,0.54,경단,4.44,100.0,26.64,5.44,180.0
38,314.32,74.03,0.46,경단(콩),3.51,100.0,20.55,2.43,225.83
39,584.71,62.99,29.32,계란볶음밥,17.22,260.0,0.44,4.56,827.6
40,491.0,94.6,11.0,고구마맛탕,3.3,200.0,38.7,9.0,76.93
41,318.36,50.38,11.17,고구마전,4.09,140.0,19.97,5.09,121.43
42,41.64,2.05,3.5,고구마줄기나물무침,0.49,50.0,0.0,1.56,89.63
43,252.96,33.8,11.87,고구마튀김,2.72,100.0,7.72,2.05,148.41
44,350.25,38.28,9.8,고기만두,27.23,220.0,0.35,5.05,453.13
45,35.27,5.76,0.69,고들빼기,1.5,50.0,2.2,2.51,302.71
46,551.8,0.4,39.95,고등어구이,47.65,200.0,0.45,1.96,1210.0
47,679.62,7.57,51.37,고등어석쇠구이,46.75,200.0,0.0,4.71,252.52
48,141.01,4.1,8.84,고등어조림,11.25,100.0,3.39,2.45,389.57
49,601.62,25.6,33.7,고등어찌개,48.9,600.0,7.4,15.7,2584.06
50,513.77,10.65,39.26,고등어튀김,29.46,150.0,0.0,3.02,293.72
51,44.97,3.14,2.76,고사리나물,1.89,50.0,0.25,2.82,220.71
52,490.73,79.8,12.78,고추김밥,14.14,290.0,0.27,9.71,948.04
53,69.78,8.25,3.23,고추볶음,1.93,100.0,4.34,3.67,275.73
54,256.77,26.17,12.01,고추잡채,10.99,200.0,2.09,4.57,828.55
55,55.0,10.5,0.9,고추장마늘쫑장아찌,1.3,50.0,5.6,2.5,707.34
56,49.62,8.44,1.24,고추장아찌,1.19,60.0,0.44,2.29,1515.58
57,274.69,17.01,17.22,고추전,12.91,150.0,2.17,7.47,362.21
58,111.0,13.4,4.9,고추조림,3.3,100.0,7.1,4.0,779.1
59,202.0,14.6,12.6,고추튀김,7.6,100.0,2.3,2.2,249.15
60,79.55,6.43,4.22,고춧잎나물무침,3.97,90.0,1.36,4.9,717.04
61,521.83,98.9,9.5,곤드레나물밥,10.3,350.0,0.0,10.1,90.62
62,250.52,43.49,3.38,골뱅이국수무침,11.53,230.0,8.2,3.85,645.62
63,108.79,15.69,1.97,골뱅이무침,7.08,100.0,10.46,3.69,525.52
64,277.34,42.16,9.27,곰보빵,6.31,70.0,11.73,2.85,202.25
65,419.29,23.9,11.8,곰치국,54.3,1000.0,2.8,18.7,3802.06
66,183.25,18.1,3.7,곰탕,19.4,300.0,0.5,2.2,716.36
67,138.69,12.95,8.87,과일샐러드,1.75,140.0,13.02,4.14,47.46
68,419.79,9.13,16.62,광어매운탕,58.42,600.0,1.42,4.3,1799.02
69,418.35,58.6,8.2,국밥,27.6,800.0,0.4,10.6,2301.55
70,514.51,56.26,25.29,군만두,15.46,220.0,6.1,7.66,846.06
71,683.0,88.4,17.8,굴국밥,42.4,650.0,0.3,6.1,1635.39
72,123.09,14.63,1.82,굴무국,12.04,500.0,0.72,3.29,1253.34
73,149.16,17.76,3.77,굴무생채,11.04,300.0,12.13,7.7,1097.91
74,61.44,5.84,1.85,굴무침,5.34,80.0,2.19,2.82,162.93
75,291.73,0.14,19.9,굴비구이,28.02,150.0,0.37,1.69,1377.2
76,195.0,14.5,10.5,굴전,10.6,100.0,1.3,2.4,325.7
77,680.67,115.69,9.6,굴짬뽕,32.87,900.0,1.7,8.61,2662.35
78,38.84,2.71,1.56,근대된장국,3.49,400.0,3.31,2.17,1304.1
79,606.93,89.79,10.72,기스면,37.82,1000.0,0.5,6.87,2764.59
80,331.91,73.53,1.14,기장밥,6.87,200.0,0.0,2.9,2.79
81,219.97,48.99,0.25,기피편,5.45,100.0,2.08,5.13,281.06
82,384.91,39.75,23.78,김말이튀김,2.97,150.0,1.22,3.25,481.95
83,77.57,5.8,3.22,김무침,6.35,30.0,1.72,5.24,303.3
84,322.56,45.95,10.47,김밥,11.14,230.0,0.0,3.13,705.16
85,89.0,10.5,2.8,김치국,5.4,450.0,2.9,4.5,1642.08
86,351.43,51.76,10.88,김치김밥,11.61,270.0,0.79,4.79,942.82
87,552.0,86.2,16.9,김치라면,13.8,650.0,1.2,8.2,2531.6
88,334.15,37.44,10.47,김치만두,22.53,220.0,0.77,4.57,865.26
89,106.07,7.27,7.94,김치볶음,1.38,100.0,4.45,3.23,521.44
90,550.64,51.93,30.3,김치볶음밥,17.56,330.0,45.85,9.35,1549.8
91,500.18,99.14,4.6,김치우동,15.55,800.0,2.13,9.01,2874.6
92,201.08,28.51,6.3,김치전,7.58,150.0,6.32,3.67,360.13
93,197.79,15.34,11.41,김치전골,8.43,270.0,2.14,4.32,808.04
94,243.03,11.93,15.0,김치찌개,15.07,400.0,3.02,8.42,1962.14
95,48.33,4.61,1.86,김치콩나물국,3.27,400.0,1.97,2.37,919.38
96,90.78,10.52,3.03,김칫국,5.36,400.0,0.13,2.92,832.47
97,260.77,27.18,14.45,김튀김,5.5,50.0,0.07,6.11,303.12
98,16.4,2.12,0.53,깍두기,0.78,50.0,1.27,1.07,403.75
99,344.54,27.42,17.7,깐풍기,18.89,150.0,4.6,0.95,615.56
100,219.01,42.83,3.23,깨송편,4.65,100.0,1.98,4.38,259.75
101,515.35,79.31,15.94,깨죽,13.66,800.0,3.59,9.78,1160.19
102,31.15,4.46,0.86,깻잎김치,1.41,50.0,2.02,1.78,462.03
103,38.76,2.52,2.59,깻잎나물무침,1.34,50.0,1.02,1.2,180.79
104,206.0,11.5,14.4,깻잎나물볶음,7.5,200.0,0.6,10.4,1042.68
105,20.18,3.11,0.68,깻잎장아찌,0.41,20.0,0.71,0.64,317.18
106,361.1,14.54,25.78,깻잎전,17.74,150.0,1.06,4.6,480.15
107,97.42,5.96,5.86,깻잎찜,5.21,100.0,1.33,3.73,792.23
108,135.9,4.23,3.22,꼬리곰탕,22.51,500.0,0.0,2.53,96.89
109,192.87,13.93,4.55,꼬막찜,24.06,200.0,2.06,5.72,1472.19
110,604.84,4.27,43.37,꽁치구이,49.36,200.0,0.0,8.34,516.7
111,241.19,9.56,13.98,꽁치김치찌개,19.27,270.0,1.9,7.1,672.52
112,243.51,5.14,17.87,꽁치조림,15.52,100.0,4.05,3.56,349.67
113,355.0,12.2,23.3,꽁치찌개,24.0,300.0,5.9,9.4,1296.4
114,101.1,8.61,2.46,꽃게탕,11.13,600.0,5.71,4.85,1639.04
115,126.57,3.98,7.04,꽈리고추멸치볶음,11.81,50.0,3.12,2.98,666.95
116,103.92,17.69,2.09,꽈리고추찜,3.59,100.0,0.44,4.38,315.91
117,272.34,30.1,14.29,꽈배기,5.83,70.0,7.04,1.44,225.13
118,228.48,49.48,1.73,꿀떡,3.74,100.0,0.29,0.8,275.08
119,368.8,39.7,8.5,꿩불고기,33.5,500.0,16.9,9.8,1264.31
120,9.82,1.15,0.38,나박김치,0.46,100.0,0.34,0.81,377.45
121,75.35,2.83,1.28,낙지꼬지,13.14,80.0,0.0,0.55,207.07
122,525.24,84.42,11.69,낙지덮밥,20.58,350.0,7.55,8.06,743.31
123,138.0,7.13,2.24,낙지무침,22.33,180.0,0.26,6.8,611.79
124,182.69,17.2,7.53,낙지볶음,11.53,200.0,15.81,5.54,1074.86
125,153.42,11.16,3.42,낙지전골,19.5,300.0,0.0,4.58,1452.71
126,187.8,10.4,3.2,낙지탕,29.4,600.0,1.9,3.6,1704.69
127,346.25,19.15,20.35,난자완스,21.63,200.0,0.49,3.35,703.23
128,461.27,74.52,11.08,날치알김밥,15.86,260.0,3.71,5.43,777.2
129,423.97,10.08,27.12,내장탕,34.9,600.0,0.32,11.47,1294.79
130,302.53,52.0,4.8,김치말이국수,12.9,600.0,8.3,4.6,2121.62
131,66.3,9.42,1.84,냉이나물무침,3.01,60.0,6.27,3.57,430.76
132,86.47,8.81,2.65,냉이된장국,6.85,400.0,1.18,5.26,943.35
133,67.0,10.18,1.1,냉이된장찌개,4.09,350.0,1.94,4.44,607.51
134,84.0,14.3,1.8,노각무침,2.6,150.0,7.1,4.0,817.37
135,207.94,20.93,10.27,녹두빈대떡,7.94,100.0,0.1,4.62,232.05
136,246.07,48.08,2.53,녹두시루떡,7.74,100.0,4.05,4.9,263.66
137,396.74,78.75,1.34,농어초밥,17.43,250.0,13.01,2.61,1035.04
138,88.01,5.16,5.66,느타리버섯무침,4.11,150.0,0.13,6.99,466.7
139,47.09,3.39,3.1,느타리버섯볶음,1.4,50.0,2.12,2.23,261.84
140,43.27,6.12,1.06,다시마무침,2.31,90.0,0.0,5.45,2482.97
141,230.86,23.66,13.26,다시마튀각,4.22,50.0,8.62,12.49,652.71
142,3.77,0.72,0.06,단무지,0.1,30.0,0.14,0.4,165.55
143,20.0,2.8,0.8,단무지무침,0.5,50.0,0.7,1.6,428.92
144,242.52,28.15,13.45,단호박샐러드,2.22,150.0,21.45,3.06,105.47
145,52.37,2.74,2.94,달걀국,3.73,400.0,0.0,0.81,984.54
146,596.11,95.29,17.5,달걀라면,14.36,550.0,0.99,4.45,1007.15
147,193.49,1.45,13.21,달걀말이,17.21,100.0,0.0,1.2,449.07
148,138.11,8.67,7.12,달걀장조림,9.85,100.0,6.87,1.54,627.5
149,116.3,0.93,8.08,달걀찜(새우젓),9.96,200.0,0.0,0.27,493.75
150,209.74,7.59,12.62,달걀찜(우유),16.45,200.0,5.09,2.26,523.51
151,124.53,3.09,8.27,달걀프라이,9.44,60.0,0.02,5.03,96.71
152,136.0,23.8,2.8,달래나물무침,4.0,150.0,11.2,6.4,867.04
153,122.7,13.32,2.77,달래된장찌개,11.12,350.0,1.42,5.55,1996.48
154,37.79,3.64,1.81,달래나물무침,1.75,60.0,2.3,1.72,340.26
155,551.65,48.21,27.41,닭가슴살샌드위치,28.02,230.0,7.1,5.43,1006.32
156,203.24,8.04,14.23,닭가슴살샐러드,10.75,150.0,4.88,4.72,132.24
157,97.58,1.1,4.52,닭가슴살피망볶음,13.11,80.0,0.23,2.09,392.22
158,595.61,44.9,25.8,닭갈비,45.9,400.0,21.2,11.6,1535.83
159,450.09,45.04,19.47,닭강정,23.68,200.0,7.95,1.35,1304.86
160,142.98,9.88,2.97,닭개장,19.17,700.0,4.0,5.19,1168.18
161,215.62,11.99,4.67,닭고기냉채,31.4,240.0,11.53,4.89,362.94
162,416.63,17.59,24.99,닭고기대파꼬치구이,30.34,170.0,2.82,6.26,708.18
163,510.58,60.77,8.94,닭고기덮밥,46.75,410.0,4.39,4.49,626.21
164,379.87,33.13,17.36,닭고추장조림,22.79,250.0,5.09,8.27,724.24
165,330.4,13.01,9.24,닭곰탕,48.8,650.0,1.93,4.58,1105.06
166,872.3,26.52,45.54,닭구이,89.1,340.0,0.0,14.3,2553.09
167,176.72,13.35,8.57,닭꼬치,11.56,70.0,3.15,2.07,286.91
168,514.08,20.97,32.54,닭날개튀김,34.34,200.0,0.0,2.42,538.85
169,431.43,21.34,20.71,닭발구이,39.92,220.0,0.68,6.58,1820.1
170,372.98,23.44,18.76,닭발볶음,27.6,200.0,12.74,5.1,1948.37
171,558.83,23.8,32.88,닭볶음,41.93,300.0,2.32,3.79,1013.89
172,332.04,25.57,9.65,닭볶음탕,35.74,300.0,1.25,4.37,1129.49
173,294.79,9.86,16.35,닭조림,27.05,150.0,0.75,3.45,705.01
174,177.46,28.57,2.27,닭죽,10.7,400.0,0.0,0.32,467.19
175,320.01,1.8,18.27,닭찜,37.1,300.0,0.0,2.42,673.07
176,663.0,94.7,12.8,닭칼국수,42.2,900.0,5.3,9.8,2125.17
177,903.0,48.8,49.7,닭튀김,65.2,300.0,1.5,4.5,1244.48
178,85.13,7.01,5.97,당근볶음,0.84,90.0,4.05,2.71,194.28
179,361.75,16.84,7.21,대구매운탕,57.36,600.0,1.09,8.84,1983.9
180,262.02,9.9,6.2,대구지리탕,41.6,600.0,1.5,4.3,1476.25
181,376.42,24.7,7.9,대구찜,51.7,500.0,5.7,8.7,1898.67
182,140.84,2.33,0.4,대구포,31.97,100.0,0.0,1.18,3875.95
183,44.84,2.24,1.8,대합미역국,4.93,400.0,0.05,3.36,927.64
184,184.0,31.1,5.2,더덕구이,3.1,100.0,11.6,6.8,743.37
185,216.0,43.4,2.8,더덕무침,4.3,150.0,20.2,7.1,1246.58
186,127.28,26.01,0.8,더덕장아찌,4.02,90.0,13.84,5.09,1050.26
187,198.17,4.1,1.63,도가니탕,41.76,500.0,0.0,6.73,751.98
188,294.22,31.39,16.75,도넛,4.48,70.0,8.31,1.1,145.12
189,65.04,6.56,3.76,도라지나물무침,1.24,50.0,0.45,2.44,205.51
190,123.97,25.84,0.82,도라지생채,3.3,160.0,8.4,7.33,452.91
191,76.02,10.14,2.76,도라지오이생채,2.65,160.0,11.01,4.45,388.86
192,45.6,10.38,0.32,도토리묵,0.29,100.0,0.43,0.94,124.15
193,147.76,21.84,5.89,도토리묵 무침,1.85,200.0,3.63,4.03,637.36
194,462.39,89.7,8.5,도토리묵말이,6.8,1300.0,6.3,14.4,3206.03
195,646.18,101.24,18.6,돈까스김밥,18.45,320.0,4.24,6.58,769.81
196,34.25,4.15,1.59,돌나물무침,0.83,50.0,2.63,1.0,180.24
197,19.78,3.0,0.31,돌나물물김치,1.25,400.0,1.4,1.79,949.46
198,558.1,93.77,11.22,돌솥비빔밥,20.5,380.0,4.73,9.26,1281.83
199,309.2,12.68,20.0,동그랑땡,19.62,150.0,0.98,3.65,553.09
200,27.21,4.55,0.74,동치미,0.58,200.0,2.9,2.08,823.74
201,66.87,5.61,0.64,동태국,9.66,400.0,0.0,3.91,895.7
202,268.05,10.54,15.04,동태전,22.64,150.0,0.22,3.42,702.16
203,276.0,17.4,4.7,동태조림,40.8,250.0,10.2,4.2,1391.69
204,87.22,3.44,2.73,동태찌개,12.22,200.0,0.25,3.55,546.61
205,394.32,25.8,9.7,동태찜,50.9,500.0,5.7,9.7,1985.6
206,881.09,10.43,55.61,돼지갈비구이,84.72,300.0,14.43,4.63,2211.65
207,581.39,22.33,36.96,돼지갈비찜,39.86,300.0,0.39,8.91,1432.59
208,936.89,7.05,74.46,돼지고기수육,59.65,300.0,7.21,4.86,121.28
209,371.22,13.63,23.12,돼지고기김치볶음,27.16,230.0,6.68,4.93,1173.54
210,90.91,2.07,5.41,돼지고기김치찌개,8.49,200.0,0.09,3.05,413.53
211,63.49,3.37,1.85,돼지고기메추리알장조림,8.34,50.0,1.27,0.53,582.99
212,350.67,18.21,20.67,돼지고기볶음,22.96,200.0,8.2,3.02,1051.76
213,339.25,2.64,14.56,돼지고기산적,49.41,170.0,0.1,8.69,995.79
214,277.36,13.01,11.9,돼지고기완자전,29.56,200.0,5.12,7.84,1718.39
215,72.66,0.63,0.87,돼지고기장조림,15.58,100.0,7.27,0.72,802.09
216,143.02,6.77,4.54,돼지고기찌개,18.76,300.0,0.38,3.98,764.62
217,388.96,19.84,17.46,돼지고기채소볶음,38.12,230.0,15.33,3.91,796.2
218,299.11,42.59,6.91,돼지곱창순대볶음,16.64,230.0,7.52,7.92,495.64
219,911.4,74.7,38.6,돼지국밥,66.4,1200.0,0.0,12.0,1096.58
220,352.0,24.5,16.7,돼지껍데기볶음,25.8,150.0,5.5,3.0,779.81
221,961.04,57.4,49.2,돼지등갈비찜,72.1,450.0,24.1,7.9,2395.17
222,650.0,3.5,52.0,돼지머리고기,42.4,200.0,0.1,3.1,333.64
223,1233.32,143.42,46.47,돼지머리국밥,60.34,900.0,1.46,6.06,1624.51
224,449.57,8.1,33.15,돼지불고기,29.71,200.0,9.26,2.34,625.15
225,91.91,8.87,3.26,된장찌개,6.76,200.0,0.0,3.18,635.98
226,60.49,7.1,2.71,두릅초고추장무침,1.94,90.0,4.09,3.06,184.4
227,261.81,15.88,13.13,고추장찌개,20.04,500.0,4.0,2.8,905.92
228,288.21,14.08,17.11,두부김치,19.47,250.0,1.49,10.51,989.69
229,110.23,6.9,5.28,두부된장찌개,8.78,270.0,2.66,2.36,1291.51
230,139.93,2.07,9.77,두부부침,10.92,100.0,0.24,0.65,429.11
231,162.34,18.85,3.98,두부쇠고기고추장찌개,12.77,280.0,0.48,5.21,546.92
232,189.41,20.07,4.3,두부애호박된장찌개,17.61,350.0,6.04,5.67,688.66
233,254.64,7.5,15.87,두부전,20.46,150.0,0.03,4.18,317.15
234,315.16,17.1,16.1,두부전골,25.6,500.0,3.5,7.4,1650.77
235,71.55,2.2,4.83,두부조림,4.82,50.0,1.82,0.4,80.66
236,457.88,59.8,16.5,들깨칼국수,17.6,600.0,1.4,8.3,1192.57
237,623.83,38.49,37.54,돈가스,32.99,200.0,3.66,1.96,574.08
238,388.0,0.28,16.13,등심스테이크,60.44,200.0,0.0,2.41,268.07
239,96.52,3.99,7.28,땅콩조림,3.75,20.0,1.97,2.05,114.74
240,403.4,4.92,23.63,떡갈비,42.76,200.0,0.79,2.13,807.59
241,498.31,95.78,9.43,떡강정,7.58,200.0,10.67,2.59,892.91
242,588.01,114.57,3.74,떡국,24.01,700.0,0.57,5.85,1234.05
243,525.49,84.01,16.07,떡라면,11.21,550.0,0.0,4.29,1483.48
244,624.92,110.71,11.32,떡만둣국,20.06,700.0,0.16,8.56,1980.19
245,260.02,46.72,5.32,떡볶이,6.31,180.0,7.92,1.88,703.12
246,450.91,75.08,12.52,라면,9.48,550.0,0.0,5.5,1559.21
247,268.47,40.28,9.41,라볶이,5.66,200.0,1.88,3.87,622.28
248,398.99,26.23,23.49,라조기,20.66,200.0,0.15,2.83,648.52
249,484.35,5.23,39.01,런천미트구이,28.09,160.0,2.73,3.71,1526.0
250,311.94,44.01,11.83,롤케이크,7.36,100.0,24.64,1.44,142.89
251,574.99,73.95,19.04,류산슬덮밥,26.96,550.0,0.42,10.18,1579.35
252,514.57,46.16,33.17,링도넛,7.85,100.0,11.6,1.22,537.42
253,219.12,28.97,8.79,마늘빵,6.03,50.0,3.68,2.14,259.74
254,147.23,4.61,11.58,마늘장아찌,6.15,230.0,11.86,5.57,2811.42
255,31.92,3.83,1.48,마늘쫑무침,0.82,30.0,2.24,1.78,93.82
256,123.91,18.44,3.55,마늘쫑볶음,4.55,140.0,7.4,6.78,786.79
257,58.42,7.71,1.39,마늘쫑잔멸치볶음,3.77,50.0,2.85,2.69,252.37
258,194.24,43.82,0.31,마늘쫑조림,4.04,100.0,6.42,7.85,1191.03
259,174.33,8.58,10.37,마파두부,11.67,160.0,3.92,3.5,563.45
260,799.33,143.37,9.63,막국수,34.81,600.0,29.28,10.47,2427.15
261,397.27,39.79,17.99,만두,19.05,220.0,0.0,8.31,800.92
262,434.05,47.83,17.44,만둣국,21.43,700.0,3.05,32.12,2367.99
263,222.49,46.8,1.64,만쥬,5.13,70.0,22.45,3.4,118.19
264,221.0,34.6,5.5,맑은감자국,8.3,700.0,5.2,5.1,1712.29
265,329.53,39.37,12.47,맛살전,14.95,200.0,2.27,1.91,1117.79
266,119.0,13.4,2.8,매생이국,10.0,500.0,0.4,9.6,1420.3
267,72.88,17.43,0.13,매실장아찌,0.5,30.0,11.45,1.17,337.86
268,517.44,23.7,19.7,매운갈비찜,61.3,300.0,10.7,8.5,1138.51
269,123.86,19.83,3.95,매작과,2.25,30.0,4.93,0.83,29.83
270,108.0,7.6,7.0,머위나물볶음,3.5,150.0,1.8,5.3,718.63
271,28.95,2.38,1.28,머위대나물무침,1.98,50.0,0.17,0.74,181.64
272,499.29,76.89,17.99,머핀,7.45,130.0,51.55,1.44,534.61
273,547.21,90.7,13.1,멍게비빔밥,16.6,400.0,16.7,7.7,1144.8
274,400.0,48.6,10.2,메기매운탕,28.6,600.0,5.7,10.4,1859.96
275,221.87,42.21,1.01,메밀국수,10.98,350.0,0.0,2.78,679.36
276,87.38,14.26,1.59,메밀묵국,3.99,400.0,1.12,3.08,953.71
277,289.81,62.63,1.15,메밀전,7.23,180.0,0.54,5.31,261.22
278,167.83,21.62,6.29,메밀전병,6.18,100.0,0.62,3.53,345.8
279,202.86,6.3,13.41,메추리알 장조림,14.25,100.0,3.48,0.76,754.51
280,206.95,9.18,12.16,멸치견과류볶음,15.2,50.0,7.01,4.92,913.86
281,138.41,6.21,5.42,멸치마늘쫑볶음,16.2,50.0,2.13,4.35,1250.51
282,138.0,6.81,3.54,멸치볶음,19.72,50.0,5.8,5.06,1303.05
283,318.37,8.93,13.22,멸치조림,40.92,100.0,7.35,12.12,3162.58
284,312.0,54.3,6.6,멸치주먹밥,9.0,150.0,0.9,3.4,496.21
285,94.83,6.65,3.0,멸치풋고추볶음,10.31,50.0,4.51,2.41,672.44
286,219.52,36.52,5.2,모닝빵,6.65,70.0,5.58,1.68,342.38
287,218.16,42.27,2.44,찰떡,6.78,100.0,2.98,3.77,187.83
288,593.54,72.8,17.01,모듬회덮밥,37.32,410.0,12.57,5.02,634.31
289,468.37,29.1,26.6,모래집튀김,28.1,150.0,1.8,2.0,322.44
290,507.78,86.94,12.08,모카빵,12.82,150.0,18.79,5.47,531.15
291,10.56,1.82,0.23,무나물무침,0.31,50.0,1.65,0.82,176.09
292,104.0,14.7,2.4,무된장국,6.1,450.0,5.9,5.9,1741.46
293,24.17,4.5,0.31,무말랭이무침,0.84,20.0,0.82,1.82,90.02
294,266.19,56.34,1.28,무밥,7.33,200.0,0.0,2.94,554.22
295,73.54,10.99,1.67,무생채,3.64,150.0,2.67,7.34,1232.22
296,61.11,8.11,0.86,무시래기된장국,5.22,400.0,0.0,7.79,779.28
297,23.92,5.03,0.23,무장아찌,0.44,30.0,2.88,0.73,879.81
298,71.44,6.43,3.57,무조림,3.39,150.0,5.81,3.14,1168.66
299,228.97,53.01,0.31,무지개떡,3.53,100.0,8.99,0.21,276.82
300,5.63,0.99,0.06,무짠지,0.27,50.0,0.79,1.28,1190.97
301,642.16,128.6,7.7,묵밥,14.8,950.0,15.1,9.1,2075.5
302,302.03,16.79,20.98,묵은지삼겹살볶음,11.52,200.0,7.23,6.42,1207.11
303,175.01,17.23,2.04,문어고추장볶음,21.93,200.0,10.88,2.84,974.4
304,392.23,81.78,0.74,문어초밥,14.61,250.0,13.38,2.83,1200.86
305,383.98,72.15,4.49,물냉면,13.75,700.0,31.63,2.24,1128.25
306,448.16,35.9,25.6,물만두,18.53,230.0,4.89,7.07,763.59
307,529.36,55.3,18.9,물회,34.4,700.0,20.0,15.1,2095.9
308,387.49,28.85,25.39,미꾸라지튀김,10.89,100.0,0.3,3.46,324.47
309,29.53,2.24,1.83,미나리나물,1.02,50.0,0.0,1.77,150.33
310,41.52,4.87,1.92,미나리무침,1.18,90.0,2.02,2.8,688.44
311,226.41,34.23,7.62,미나리전,5.24,150.0,1.74,3.75,248.7
312,38.0,2.8,1.8,미소된장국,2.8,150.0,0.7,0.8,517.03
313,211.16,31.25,6.8,미숫가루,6.24,300.0,0.0,6.49,71.71
314,46.36,3.49,2.45,미역국,2.58,400.0,1.08,1.7,670.7
315,128.81,26.28,2.34,미역냉국,0.66,350.0,15.7,1.3,518.61
316,96.16,9.1,3.86,미역된장국,6.25,400.0,2.43,10.8,1219.4
317,21.8,2.98,0.52,미역오이냉국,1.31,350.0,2.42,2.52,1144.4
318,61.43,3.88,4.76,미역줄기볶음,0.77,80.0,0.44,3.4,404.01
319,17.49,2.62,0.51,미역초무침,0.59,50.0,0.65,1.97,225.9
320,221.3,10.57,16.95,미역튀각,6.62,50.0,5.68,15.57,2611.54
321,898.82,88.08,44.41,미트볼 토마토 스파게티,36.7,500.0,4.45,13.67,1089.14
322,331.41,19.42,16.09,미트볼조림,27.23,150.0,15.78,4.39,472.37
323,72.9,11.09,2.1,민들레잎무침,2.42,90.0,7.34,4.54,222.88
324,157.0,10.1,3.1,바지락조개국,22.0,550.0,1.3,8.0,1596.17
325,576.77,111.81,3.71,바지락칼국수,24.04,700.0,1.23,1.98,1901.92
326,60.76,8.59,1.38,방풍나물무침,3.51,80.0,2.33,5.33,213.93
327,27.32,3.29,1.07,배추겉절이,1.14,50.0,0.65,1.77,163.82
328,10.66,1.27,0.31,배추김치,0.68,40.0,0.95,0.85,123.03
329,49.19,6.76,1.75,배추나물무침,1.61,80.0,4.99,2.17,220.67
330,79.08,10.33,1.6,배추된장국,5.85,400.0,0.0,2.56,890.79
331,240.75,35.52,8.67,배추전,5.17,150.0,5.02,4.51,326.83
332,16.56,2.06,0.51,백김치,0.92,90.0,0.7,1.01,402.65
333,229.5,50.4,1.45,백설기,3.71,100.0,0.11,1.97,210.9
334,455.28,84.7,5.6,백합죽,16.5,700.0,0.0,3.2,996.8
335,600.01,46.0,33.0,밴댕이무침,29.8,400.0,27.0,16.4,1027.23
336,262.0,17.55,10.62,뱅어포구이,24.06,70.0,11.14,5.3,1035.38
337,41.71,3.82,1.1,버섯구이,4.13,80.0,0.09,2.91,393.24
338,104.64,5.49,3.16,버섯샤브샤브,13.57,350.0,1.84,4.71,177.59
339,240.69,16.19,14.87,버섯전,10.52,150.0,2.74,5.4,313.76
340,233.68,14.34,12.73,버섯전골,15.43,300.0,3.54,8.62,439.29
341,90.66,9.34,3.0,버섯조림,6.57,150.0,2.92,6.04,452.58
342,167.56,15.4,5.2,버섯찌개,14.7,400.0,4.4,7.9,1293.87
343,229.96,27.74,11.04,버터크림빵,4.91,60.0,7.19,1.58,191.18
344,367.64,64.18,6.99,베이글,12.0,120.0,5.5,3.27,834.26
345,112.38,4.87,4.78,병어조림,12.46,100.0,0.22,0.9,842.21
346,321.63,73.54,0.48,보리밥,5.8,200.0,5.14,4.87,7.85
347,27.21,3.36,0.65,보쌈김치,1.97,90.0,1.52,2.09,595.04
348,232.05,10.3,2.7,지리탕,41.7,600.0,1.4,5.3,1349.98
349,640.48,118.88,9.67,볶음밥,19.47,350.0,0.0,5.79,743.58
350,385.41,74.36,6.04,볶음우동,8.41,300.0,1.28,6.03,770.91
351,399.5,39.7,18.6,부대찌개,18.4,600.0,6.2,9.1,2321.9
352,23.33,3.18,0.58,부추김치,1.34,50.0,2.04,1.88,380.66
353,92.3,6.25,5.92,부추무침,3.5,100.0,3.06,5.58,666.27
354,251.22,41.79,6.25,부추전,6.95,150.0,12.42,4.28,370.09
355,181.86,17.14,3.33,북어조림,20.83,100.0,8.2,2.07,765.95
356,235.0,18.0,5.7,북어찜,28.1,150.0,6.4,3.0,900.98
357,282.02,18.07,4.37,북어채무침,42.6,150.0,8.38,6.65,1133.9
358,111.03,3.36,3.93,북엇국,15.56,400.0,0.46,4.2,929.98
359,395.29,7.8,25.2,불고기,34.4,150.0,7.9,1.2,560.71
360,728.18,107.84,21.25,불고기덮밥,26.39,400.0,0.28,11.03,1011.43
361,499.77,45.35,23.04,불고기버거,27.76,200.0,0.26,7.29,676.85
362,505.0,61.2,16.7,불고기피자,27.4,200.0,9.2,4.9,916.87
363,835.6,71.6,36.9,붕어찜,54.3,1100.0,16.2,43.4,3952.03
364,296.54,11.6,16.2,붕장어소금구이,26.0,100.0,0.4,1.0,124.75
365,46.14,4.98,1.15,브로콜리볶음,3.98,90.0,1.28,4.09,84.88
366,58.48,4.56,3.24,비름나물무침,2.77,80.0,0.69,3.01,267.73
367,512.46,102.36,4.75,비빔국수,15.06,500.0,20.53,6.87,1193.79
368,499.16,66.74,13.21,비빔냉면,28.33,500.0,20.1,7.36,887.31
369,691.62,98.7,22.0,비빔밥,24.6,450.0,18.3,10.9,1119.66
370,714.0,23.4,35.7,뼈다귀해장국,74.6,1000.0,5.7,17.0,3088.21
371,206.01,8.46,7.77,뼈해장국,25.55,800.0,5.07,2.65,2764.62
372,220.99,11.24,9.67,사골국,22.25,400.0,0.0,3.35,298.77
373,606.93,62.6,27.97,사골만두국,26.19,700.0,0.44,7.75,2333.21
374,184.65,34.83,3.91,사과파이,2.54,100.0,7.11,2.33,204.49
375,109.71,24.65,0.93,산자,0.69,30.0,9.4,0.14,6.86
376,805.66,25.25,65.66,삼겹살고추장구이,28.42,200.0,11.45,8.14,1020.67
377,933.52,0.69,83.37,삼겹살구이,45.11,200.0,0.0,1.45,1152.79
378,911.39,34.57,43.19,삼계탕,96.09,900.0,4.03,14.44,736.67
379,686.11,85.75,26.46,삼선볶음밥,26.24,400.0,1.58,9.35,1213.56
380,691.66,105.9,8.48,삼선우동,47.94,1000.0,0.8,8.47,2722.32
381,803.9,126.53,18.14,삼선짜장면,33.64,700.0,10.15,10.81,2628.24
382,662.37,101.73,10.77,삼선짬뽕,39.63,900.0,1.09,7.69,2689.13
383,355.16,2.89,19.14,삼치구이,42.83,200.0,0.43,2.78,434.32
384,124.64,2.61,5.63,삼치조림,15.88,100.0,2.03,1.59,441.01
385,61.14,5.26,3.41,상추겉절이,2.36,100.0,2.98,3.39,431.14
386,66.92,9.33,1.77,새송이버섯구이,3.43,80.0,3.63,4.59,370.78
387,145.44,11.15,9.63,새송이버섯볶음,3.54,120.0,4.5,4.89,408.74
388,74.21,4.96,4.81,새싹채소샐러드,2.77,100.0,2.26,1.52,155.58
389,260.76,5.07,7.99,새우구이,42.13,180.0,0.06,3.76,593.55
390,63.22,7.31,1.84,새우미역국,4.35,400.0,0.0,2.98,20.5
391,166.66,11.91,4.42,새우볶음,19.81,200.0,7.97,2.2,652.19
392,635.75,84.54,22.7,새우볶음밥,23.33,370.0,2.63,5.97,538.64
393,166.0,7.2,8.1,새우젓두부찌개,16.2,300.0,1.7,6.1,1123.08
394,387.67,78.42,0.75,새우초밥,16.8,250.0,11.65,2.07,1110.29
395,163.1,10.0,2.19,새우탕,25.84,500.0,0.3,6.88,1340.99
396,232.79,26.03,8.39,새우탕수육,13.29,200.0,12.87,4.19,984.54
397,430.34,28.44,23.84,새우튀김,25.52,150.0,0.13,3.14,728.56
398,606.5,96.28,18.17,새우튀김롤,14.47,300.0,11.14,7.59,1391.43
399,405.95,61.45,13.52,샐러드김밥,9.62,250.0,3.42,3.15,911.18
400,653.44,46.56,41.1,생선까스,24.33,200.0,1.96,3.84,788.62
401,607.45,101.52,6.06,생선모듬초밥,36.71,380.0,5.32,7.46,540.96
402,577.97,82.5,12.3,생선물회,34.3,800.0,52.0,11.2,2779.74
403,453.78,77.55,3.92,광어초밥,27.07,300.0,7.7,2.55,808.75
404,461.97,76.43,6.06,모듬생선초밥,25.42,300.0,8.65,2.32,968.94
405,237.09,27.62,12.54,생크림케이크,3.45,100.0,14.49,1.08,151.11
406,315.21,45.9,4.6,서대회무침,22.6,300.0,22.3,8.5,1198.9
407,173.84,7.39,5.73,선지해장국,23.18,600.0,0.0,2.5,1874.43
408,118.37,1.8,2.88,설렁탕,21.3,500.0,0.0,4.94,109.78
409,494.6,13.14,26.96,소갈비찜,49.86,250.0,4.32,0.95,753.63
410,330.53,42.6,8.1,소고기국밥,21.8,700.0,2.8,7.9,1786.31
411,400.61,62.52,9.63,소고기김밥,15.98,250.0,0.84,4.47,1061.19
412,60.65,2.88,1.84,소고기메추리알장조림,8.14,50.0,0.71,0.58,602.12
413,123.0,7.8,4.0,소고기무국,14.2,400.0,3.5,3.1,1067.02
414,578.28,109.03,7.47,소고기버섯죽,18.75,800.0,0.26,2.96,1261.8
415,453.07,7.33,25.57,소고기산적,48.41,200.0,0.0,3.04,1392.83
416,263.75,14.7,9.8,소고기샤브샤브,29.1,600.0,2.4,9.6,1122.4
417,529.0,29.2,27.3,곱창전골,41.6,600.0,2.3,13.2,1779.63
418,120.1,6.45,2.51,소라산적,17.92,80.0,0.85,0.44,396.68
419,274.19,38.94,10.59,소보로빵,5.79,70.0,11.68,2.06,277.44
420,471.0,31.8,29.9,소세지볶음,18.8,200.0,8.9,2.8,1436.06
421,707.98,8.01,62.6,소시지튀김,28.13,200.0,1.54,2.39,1879.0
422,989.15,26.2,71.6,소양념갈비구이,60.1,300.0,13.9,7.5,1378.45
423,86.37,1.9,5.35,소탕,7.66,150.0,0.03,1.79,353.59
424,581.81,95.6,14.06,송이덮밥,18.21,600.0,2.27,13.7,1678.01
425,224.15,44.96,2.74,송편(깨),4.92,100.0,1.15,4.82,231.82
426,194.33,41.66,0.75,송편(콩),5.24,100.0,1.26,4.78,233.5
427,110.83,22.19,1.34,다식,2.49,30.0,8.0,2.63,4.04
428,722.95,4.76,43.66,쇠갈비구이,77.73,300.0,0.78,5.35,1204.66
429,256.01,20.85,9.51,쇠갈비찜,21.75,300.0,2.24,5.9,816.9
430,434.08,23.55,23.73,소고기고추장볶음,31.59,220.0,21.33,19.34,1218.57
431,163.93,10.51,5.93,소고기된장찌개,17.12,300.0,2.15,5.27,890.4
432,52.03,3.28,1.03,소고기미역국,7.42,400.0,2.08,2.55,782.02
433,62.29,4.57,1.63,소고기배춧국,7.34,400.0,0.0,1.83,990.69
434,330.36,15.91,17.79,소고기버섯볶음,26.66,230.0,6.55,11.55,848.07
435,543.39,5.4,43.2,소고기볶음,33.24,190.0,8.16,2.5,562.62
436,456.99,56.58,16.86,소고기볶음밥,19.74,260.0,0.22,5.39,560.18
437,328.77,11.0,15.51,소고기사태찜,36.3,300.0,0.4,4.82,905.34
438,498.92,6.11,14.81,소고기수육,85.29,300.0,0.33,13.97,91.81
439,323.34,9.35,15.12,소고기완자전,37.46,200.0,0.4,8.04,762.9
440,68.76,4.84,0.86,소고기장조림,10.41,100.0,1.0,0.75,543.47
441,187.56,1.37,9.71,소고기전골,23.66,300.0,0.14,1.37,895.64
442,355.16,69.45,4.36,소고기주먹밥,9.52,200.0,0.45,3.0,713.2
443,244.09,50.44,0.87,소고기죽,8.62,400.0,0.0,0.27,1063.88
444,288.81,14.81,12.42,소고기채소볶음,29.44,230.0,10.41,11.08,619.78
445,275.96,7.07,17.59,소곱창구이,22.33,150.0,1.67,3.19,1971.87
446,239.21,27.04,7.53,소머리국밥,15.83,1000.0,0.0,6.2,1392.24
447,339.22,8.51,19.32,소불고기,32.82,200.0,6.48,7.07,835.81
448,321.89,70.04,1.83,수수밥,6.31,200.0,0.15,2.28,2.55
449,247.89,42.1,6.29,수수부꾸미,5.73,100.0,0.24,7.95,261.0
450,204.24,43.03,0.59,수수팥떡,6.7,100.0,2.82,8.64,241.93
451,133.0,20.34,5.47,수정과,0.6,150.0,20.69,1.85,9.72
452,378.28,72.04,3.35,수제비,14.99,650.0,0.0,6.96,925.17
453,17.5,1.48,0.79,숙주나물무침,1.11,50.0,0.79,0.84,201.52
454,542.42,58.36,25.64,순대,19.56,300.0,3.5,12.59,1019.19
455,673.09,93.46,20.56,순대국밥,28.56,900.0,1.51,11.33,1137.58
456,582.0,76.7,21.3,순대볶음,20.7,400.0,5.4,10.7,1500.35
457,509.46,89.71,10.47,순댓국,14.1,600.0,1.58,12.36,1981.58
458,69.65,4.34,3.17,순두부김치찌개,5.95,200.0,0.64,1.96,302.02
459,102.39,3.29,7.14,순두부달걀탕,6.23,350.0,0.0,2.8,354.96
460,85.54,2.61,4.32,순두부찌개,9.06,200.0,1.19,2.1,426.64
461,161.24,32.55,1.67,숯불갈비 삼각김밥,4.0,100.0,0.16,1.27,358.36
462,237.34,2.82,19.35,스크램블드에그,12.99,110.0,0.49,5.11,406.39
463,34.28,1.68,2.23,시금치나물무침,1.87,50.0,0.05,0.99,68.12
464,37.98,3.91,0.67,시금치된장국,4.07,400.0,0.44,1.77,495.32
465,56.84,3.87,3.64,시래기나물무침,2.16,50.0,0.27,3.37,257.08
466,99.0,11.0,3.1,시래기된장국,6.7,450.0,1.3,6.0,1523.66
467,217.48,47.54,0.61,시루떡,5.47,100.0,3.22,4.4,277.91
468,264.36,50.91,2.6,식빵,9.34,100.0,1.56,3.47,468.43
469,365.67,51.47,13.85,식빵토스트,8.78,100.0,4.5,2.53,532.65
470,130.14,24.32,2.63,식혜,2.3,150.0,17.04,0.38,3.38
471,320.32,55.1,4.2,쌀국수,15.6,600.0,4.3,1.6,1651.58
472,96.0,6.6,5.7,쑥갓나물무침,4.5,150.0,0.3,5.8,709.99
473,60.64,6.08,1.87,쑥된장국,4.88,400.0,2.92,3.07,970.74
474,248.63,57.89,0.4,쑥떡,3.36,100.0,10.72,2.45,254.32
475,192.12,34.87,2.42,쑥절편,7.72,100.0,0.25,1.96,192.27
476,87.63,14.91,1.56,씀바귀나물무침,3.48,90.0,1.15,4.67,183.66
477,246.07,12.8,4.9,아구탕,37.8,600.0,1.8,6.4,1863.34
478,168.18,14.52,6.26,아귀찜,13.44,200.0,5.46,6.12,783.1
479,81.83,6.34,2.23,아욱된장국,9.1,400.0,0.44,4.6,944.34
480,1364.21,139.5,38.8,찜닭,114.2,1500.0,66.8,29.7,5462.32
481,651.75,34.25,42.4,안심돈가스,33.28,200.0,2.77,2.43,551.55
482,366.42,0.25,9.65,안심스테이크,69.63,200.0,0.0,3.75,205.42
483,422.13,51.99,16.86,알밥,15.61,330.0,7.6,11.55,1418.08
484,203.13,9.06,3.83,알탕,33.11,520.0,0.0,8.24,1301.49
485,122.91,5.62,5.23,애호박된장국,13.35,400.0,1.97,3.64,1806.32
486,29.52,2.65,1.81,애호박볶음,0.66,50.0,0.21,1.21,223.39
487,182.9,10.1,12.93,애호박전,6.53,150.0,3.48,3.22,335.53
488,181.05,21.18,6.48,애호박찜,9.5,100.0,1.81,2.2,161.25
489,194.0,21.6,9.5,야채전,5.4,100.0,2.4,3.1,321.52
490,119.73,25.47,1.43,약과,1.26,30.0,5.07,1.6,17.19
491,219.87,45.24,2.45,약식,4.21,100.0,13.24,2.63,221.18
492,511.8,80.2,15.9,약초비빔밥,11.9,400.0,2.9,10.8,971.61
493,134.0,9.25,4.57,양념갈치젓,13.98,90.0,4.42,6.08,4520.65
494,193.49,25.21,1.21,양념게장,20.45,200.0,17.53,9.41,1608.01
495,4.51,0.37,0.08,양념멸치젓,0.57,5.0,0.03,0.13,333.35
496,6.89,0.6,0.18,양념새우젓,0.71,10.0,0.05,0.19,740.2
497,480.81,13.7,35.3,양념왕갈비,27.1,150.0,6.8,1.4,548.76
498,433.35,8.8,30.56,양념장어구이,30.77,150.0,4.18,1.31,704.64
499,552.0,42.3,26.8,양념치킨,35.5,200.0,12.5,2.1,805.49
500,65.31,9.09,0.66,양미리조림,5.76,100.0,2.2,2.79,710.57
501,225.1,12.7,17.57,양배추샐러드,4.03,150.0,11.92,3.89,144.95
502,188.98,5.13,15.45,양상추샐러드,7.36,150.0,2.37,3.75,236.63
503,136.0,11.0,8.3,양송이버섯볶음,4.5,150.0,1.2,4.7,515.17
504,105.29,8.06,7.04,양송이스프,2.41,100.0,2.52,1.6,169.54
505,291.79,24.1,14.58,양장피,16.05,220.0,0.96,4.1,1090.25
506,44.67,7.61,1.23,양파볶음,0.79,80.0,7.32,1.27,219.4
507,44.19,6.81,1.07,양파부추무침,1.83,100.0,5.79,2.08,326.14
508,40.18,7.89,0.38,양파장아찌,1.31,50.0,8.96,0.64,534.21
509,106.95,13.41,3.61,어묵국,5.2,350.0,0.25,1.57,790.85
510,98.44,16.4,1.54,어묵김치찌개,4.74,260.0,4.15,3.31,664.58
511,275.24,34.06,10.21,어묵볶음,11.78,140.0,8.84,3.49,1144.7
512,414.12,73.15,10.59,어묵잡채,6.55,280.0,4.2,4.65,1201.2
513,317.02,46.32,9.46,어묵조림,11.65,200.0,4.85,5.74,856.48
514,136.68,15.48,5.77,어묵채소볶음,5.7,90.0,1.13,1.97,568.9
515,552.06,100.8,7.5,어죽,20.4,800.0,9.8,8.9,2105.53
516,85.87,1.82,3.09,어탕,12.7,150.0,0.0,1.02,485.08
517,50.46,8.75,1.16,얼갈이배추김치,1.27,80.0,0.3,1.35,196.87
518,36.23,3.41,1.62,얼갈이배춧국,2.0,400.0,0.22,2.04,778.53
519,87.19,14.71,2.55,연근조림,1.34,50.0,1.39,1.3,330.58
520,510.19,74.32,15.4,연어롤,18.57,300.0,8.47,9.04,1211.9
521,447.32,71.04,9.74,연어초밥,18.88,250.0,12.88,4.03,1064.38
522,541.64,20.19,9.03,연포탕,94.9,1000.0,0.23,14.39,2337.46
523,57.55,5.38,2.94,열무겉절이,2.4,100.0,2.26,2.95,890.88
524,10.71,0.86,0.49,열무김치,0.72,40.0,0.17,0.88,194.47
525,431.0,69.6,10.2,열무김치국수,15.0,800.0,18.6,9.2,3007.45
526,74.13,4.28,4.77,열무나물무침,3.52,90.0,0.54,3.58,413.89
527,525.49,97.52,5.78,열무냉면,20.84,800.0,27.15,40.72,3152.37
528,61.23,3.68,3.68,열무된장나물무침,3.34,90.0,0.66,3.64,340.95
529,17.68,2.61,0.33,열무얼갈이김치,1.07,50.0,0.46,1.57,339.9
530,643.16,126.22,10.03,돌솥밥,12.02,350.0,2.22,7.46,21.94
531,388.82,82.32,1.3,오곡밥,11.95,250.0,0.17,6.3,113.9
532,586.08,9.77,39.39,오리고기구이,48.12,200.0,0.0,4.32,1416.66
533,618.71,79.8,19.94,오리고기죽,30.0,400.0,0.0,6.9,248.38
534,335.72,1.51,22.5,오리백숙,31.78,300.0,0.75,3.32,482.75
535,361.52,22.62,22.62,오리불고기,16.87,250.0,15.73,9.09,1168.55
536,728.09,36.46,39.37,오리탕,56.99,600.0,21.45,14.71,1903.56
537,692.71,82.14,28.91,오므라이스,25.98,400.0,12.76,9.63,1730.11
538,363.0,20.5,19.9,오삼불고기,25.6,200.0,7.6,4.1,885.09
539,26.54,3.95,0.56,오이김치,1.44,70.0,1.66,2.25,326.04
540,66.15,0.37,6.53,오이나물무침,1.46,80.0,1.79,1.66,504.59
541,38.17,2.67,2.4,오이냉국,1.47,350.0,3.11,1.18,989.64
542,31.32,5.01,0.39,오이부추무침,1.95,100.0,4.15,2.48,1069.5
543,34.53,4.48,1.45,오이생채,0.89,50.0,4.02,0.84,236.93
544,32.38,4.43,0.86,오이소박이,1.73,100.0,3.4,1.94,541.03
545,7.11,1.27,0.14,오이장아찌,0.18,50.0,0.52,1.17,370.08
546,10.34,1.42,0.36,오이지,0.37,50.0,0.0,1.25,1024.89
547,52.32,4.21,3.51,오이지무침,0.96,100.0,2.78,3.58,1615.24
548,646.74,89.42,23.43,오일소스스파게티,19.56,400.0,1.41,11.13,1124.33
549,91.91,3.63,3.67,오징어국,11.1,500.0,1.2,1.25,1286.69
550,484.59,79.0,7.24,오징어덮밥,25.85,360.0,2.37,9.47,582.23
551,254.31,13.04,4.93,오징어무침,39.45,200.0,13.15,9.35,652.52
552,339.79,22.81,8.37,오징어물회,43.3,700.0,14.72,10.76,2551.48
553,255.56,14.86,13.04,오징어볶음,19.69,200.0,3.85,7.9,619.61
554,101.71,3.6,1.98,오징어산적,17.37,80.0,0.92,0.91,477.11
555,466.86,58.3,5.6,오징어순대,45.7,350.0,0.4,4.4,1258.71
556,6.03,0.34,0.07,오징어젓갈,1.01,10.0,0.24,0.16,215.05
557,206.02,18.68,3.56,오징어조림,24.82,150.0,10.28,4.34,2203.44
558,85.47,11.92,0.54,오징어찌개,8.24,250.0,1.13,3.37,711.5
559,206.14,22.73,4.42,오징어채무침,18.88,80.0,14.97,5.35,1442.6
560,59.52,4.07,2.99,오징어채볶음,4.09,20.0,4.92,1.53,263.9
561,149.09,18.23,2.23,오징어채소무침,14.04,240.0,13.3,5.6,389.74
562,119.8,12.68,2.45,오징어채조림,11.76,50.0,6.89,2.91,564.87
563,505.71,33.65,32.99,오징어튀김,18.56,150.0,0.5,3.4,504.99
564,265.65,20.28,19.11,옥수수샐러드,3.13,160.0,9.61,4.23,772.33
565,144.26,13.0,4.2,올갱이국,13.7,600.0,1.6,5.9,2017.16
566,566.0,111.6,8.3,올갱이국수,11.2,1500.0,18.6,22.2,3862.84
567,276.32,62.49,0.31,완두콩밥,5.89,200.0,0.0,3.81,590.06
568,88.55,9.11,2.1,우거지곰탕,8.29,350.0,1.17,3.69,786.04
569,78.61,3.29,2.35,우거지된장국,11.08,400.0,2.5,3.2,1163.09
570,154.38,13.5,5.9,우거지해장국,11.9,600.0,2.5,8.5,2049.59
571,421.51,74.2,7.91,일식우동,13.39,700.0,2.48,20.21,2390.32
572,648.47,85.37,21.02,중식우동,29.45,1000.0,1.1,22.17,3395.86
573,406.82,11.24,17.03,우럭매운탕,52.15,600.0,1.08,7.93,1773.88
574,245.0,19.2,7.7,우렁된장국,24.6,500.0,3.6,8.1,2134.21
575,56.54,10.44,1.0,우엉조림,1.44,30.0,8.53,1.73,352.17
576,728.86,128.18,7.37,울면,37.46,1000.0,0.5,7.59,2799.92
577,293.84,30.63,12.43,월남쌈,14.86,250.0,13.74,4.62,574.48
578,127.09,22.27,3.85,유과,0.84,30.0,7.24,0.34,6.84
579,388.54,59.63,11.53,유부초밥,11.56,200.0,3.97,5.22,771.26
580,189.43,9.01,9.68,유산슬,16.58,220.0,4.73,4.0,463.88
581,86.24,7.04,4.14,유채나물무침,5.22,90.0,1.78,4.25,1151.4
582,130.33,6.54,4.37,육개장,16.21,440.0,3.33,5.25,884.24
583,195.06,12.18,9.64,육회,14.9,150.0,7.93,9.87,627.01
584,442.29,68.76,10.07,육회비빔밥,19.16,300.0,13.36,7.75,1337.23
585,242.26,50.07,2.16,인절미,5.64,100.0,6.35,2.89,296.82
586,20.6,0.45,1.46,일본된장국,1.42,200.0,0.51,0.78,487.54
587,19.52,3.31,0.53,일본매실장아찌,0.38,30.0,2.36,1.03,1118.28
588,494.0,3.5,29.4,임연수구이,53.8,250.0,0.0,1.0,1568.96
589,193.96,11.32,11.11,멸치견과류볶음,12.17,50.0,7.27,5.52,876.32
590,114.05,2.86,4.0,멸치고추볶음,16.64,50.0,1.88,3.27,1030.52
591,146.65,4.62,8.74,멸치꽈리고추볶음,12.39,50.0,2.92,3.24,633.08
592,170.46,4.81,7.1,멸치볶음,21.82,50.0,6.54,3.23,1395.79
593,127.82,8.47,4.16,멸치풋고추볶음,14.12,50.0,5.31,4.16,1035.08
594,310.2,56.34,3.41,잔치국수,13.53,700.0,0.3,5.48,1514.59
595,292.6,58.65,1.74,잡곡밥,10.59,200.0,0.64,12.19,5.29
596,291.15,48.52,6.6,잡채,9.41,200.0,1.45,7.35,719.68
597,825.15,141.85,18.81,잡채밥,22.11,550.0,0.3,16.73,1247.22
598,777.44,104.94,20.13,잡탕밥,44.12,750.0,0.48,13.75,2109.52
599,874.48,155.28,19.63,잣죽,19.18,700.0,2.36,5.43,878.81
600,258.89,6.18,17.21,장어고추장구이,19.82,100.0,0.44,1.99,321.94
601,716.54,97.35,22.98,장어덮밥,30.09,400.0,5.59,10.31,920.77
602,486.26,80.68,10.83,장어초밥,16.52,250.0,13.67,3.23,1270.91
603,536.94,29.4,31.25,장어탕,34.53,800.0,21.26,8.71,3097.2
604,81.91,15.9,1.0,재첩국,2.33,350.0,0.0,0.28,442.44
605,535.45,57.66,20.51,쟁반국수,30.05,450.0,36.53,20.21,2309.21
606,317.19,38.49,14.9,전복죽,7.27,400.0,0.0,6.22,631.68
607,196.85,15.8,3.0,전복탕,26.8,600.0,1.3,6.0,1774.4
608,192.89,43.94,0.28,절편,3.64,100.0,0.07,0.43,265.87
609,949.76,79.22,50.63,제육덮밥,44.3,470.0,9.3,6.66,819.84
610,487.98,11.82,35.47,제육볶음,30.37,250.0,0.94,8.94,1251.93
611,68.12,3.53,2.16,조개된장찌개,8.63,300.0,1.68,3.39,1219.47
612,62.72,0.99,3.57,조갯국,6.67,400.0,0.71,2.2,1188.5
613,318.2,0.79,19.54,조기구이,34.8,180.0,0.0,0.75,2456.07
614,384.38,17.3,19.4,조기매운탕,35.1,600.0,4.3,12.2,2272.92
615,384.0,12.8,18.8,조기조림,41.1,300.0,4.5,6.5,1771.22
616,182.12,1.64,10.59,조기찜,20.06,100.0,0.0,0.39,602.03
617,23.5,1.45,1.51,조미김,1.02,5.0,0.01,1.2,200.55
618,582.68,2.32,34.78,족발,65.09,250.0,0.0,5.66,861.47
619,211.41,22.82,5.2,쭈꾸미볶음,18.33,200.0,5.06,4.65,918.86
620,276.31,8.69,12.86,죽순쇠고기볶음,31.46,230.0,4.77,14.47,492.5
621,55.92,10.89,0.15,쥐치채,2.75,20.0,4.55,0.55,296.34
622,238.58,37.42,0.25,쥐포구이,21.67,70.0,23.15,2.56,1473.69
623,276.3,36.12,8.86,쥐포조림,13.03,100.0,23.37,4.74,1264.75
624,356.91,42.5,16.49,쥐포튀김,9.62,100.0,7.96,1.38,717.02
625,200.1,44.15,1.2,증편,3.17,100.0,3.19,1.03,283.95
626,529.18,86.22,13.3,짜장면,16.15,600.0,36.43,8.17,1843.68
627,572.62,73.17,22.18,짜장밥,20.08,470.0,0.16,9.77,1109.91
628,464.46,66.06,12.34,짬뽕,22.3,800.0,12.52,12.75,1446.06
629,689.0,92.0,26.3,짬뽕라면,21.3,750.0,1.6,8.6,2493.81
630,647.7,104.86,12.56,짬뽕밥,28.81,900.0,12.04,12.73,2105.68
631,188.77,16.6,8.5,짱뚱어탕,11.5,600.0,2.4,8.4,2050.9
632,706.96,127.91,13.84,쫄면,17.68,550.0,19.32,8.6,1377.01
633,140.18,30.02,0.31,찐감자,4.32,200.0,1.71,3.36,6.75
634,277.31,64.94,0.47,찐고구마,3.34,200.0,32.64,5.8,19.46
635,532.43,119.43,0.31,찐빵,12.98,250.0,27.6,9.46,585.27
636,370.54,68.39,4.84,찐옥수수,13.36,200.0,4.72,11.31,179.23
637,313.24,69.71,1.3,차조밥,5.67,200.0,0.07,3.64,2.81
638,429.7,93.97,0.51,찰밥,12.3,280.0,1.37,8.11,9.35
639,239.92,38.58,6.72,참깨경단,6.28,100.0,0.61,4.57,202.87
640,90.79,4.59,2.5,참꼬막,12.47,80.0,0.0,1.74,234.16
641,53.85,3.73,3.32,참나물무침,2.26,90.0,0.6,3.31,196.57
642,121.88,7.12,6.68,참치 김치볶음,8.33,100.0,1.83,2.97,479.74
643,505.3,34.45,29.13,참치 샌드위치,26.34,250.0,3.46,4.36,522.16
644,435.04,50.65,18.05,참치김밥,17.5,250.0,1.77,4.51,837.43
645,154.06,8.7,8.47,참치김치찌개,10.76,300.0,0.45,4.91,793.0
646,679.1,102.93,16.73,참치덮밥,29.2,500.0,2.98,7.98,1618.74
647,398.7,50.89,16.41,참치마요삼각김밥,11.86,200.0,0.0,5.64,460.22
648,346.8,2.52,16.16,참치머리구이,47.81,180.0,0.0,11.41,825.88
649,412.97,75.68,7.52,참치볶음밥,10.63,230.0,0.27,3.7,1450.92
650,555.0,36.5,35.1,참치샌드위치,23.3,250.0,10.1,5.3,915.59
651,226.74,11.28,12.97,참치샐러드,16.23,150.0,10.36,3.78,448.96
652,345.27,27.13,12.98,참치완자전,29.99,200.0,7.37,5.3,1133.0
653,659.6,104.57,16.06,참치죽,24.19,800.0,1.36,5.36,1342.4
654,201.62,38.89,3.25,찹쌀도넛,4.2,70.0,7.73,2.72,218.53
655,207.05,39.95,3.68,찹쌀도우넛,3.53,70.0,12.13,2.05,242.99
656,276.87,65.61,0.15,찹쌀떡,3.26,100.0,17.54,1.41,225.61
657,300.65,31.19,16.38,채소고로케,7.13,100.0,3.37,1.11,403.33
658,442.09,74.61,10.23,채소김밥,12.89,280.0,0.4,9.62,865.01
659,515.29,114.11,3.76,채소떡볶이,6.24,200.0,3.94,2.53,537.97
660,474.03,74.73,14.01,채소볶음밥,12.26,260.0,0.76,6.07,1060.34
661,439.87,42.88,26.55,채소샌드위치,7.35,180.0,25.66,4.49,766.41
662,232.33,8.16,21.36,채소샐러드,1.86,160.0,7.55,2.74,118.32
663,145.11,22.59,4.5,채소전,3.57,100.0,2.06,2.77,258.77
664,173.76,30.47,2.76,채소죽,6.75,400.0,0.69,6.08,894.77
665,404.63,36.83,27.14,채소튀김,3.25,100.0,6.37,3.02,277.85
666,93.59,3.84,4.22,청국장찌개,10.06,200.0,0.0,3.45,484.88
667,149.0,22.7,5.2,청포묵무침,2.9,250.0,1.8,4.0,724.02
668,522.69,15.8,29.2,초당순두부,49.1,900.0,0.9,10.5,1203.36
669,222.99,36.23,7.65,초코 소라빵,2.3,70.0,6.5,1.5,150.4
670,420.24,43.6,24.96,초콜릿케이크,5.31,100.0,23.13,2.43,170.0
671,22.89,3.57,0.52,총각김치,0.98,70.0,1.34,1.83,332.0
672,316.72,26.8,13.2,추어탕,22.7,1000.0,0.0,18.5,2635.78
673,188.33,10.74,11.12,추어탕,11.33,350.0,0.0,7.72,861.28
674,583.93,109.16,5.96,충무김밥,23.42,400.0,17.19,8.41,1294.27
675,74.1,3.31,6.15,취나물,1.37,50.0,0.0,3.26,281.86
676,39.38,3.71,1.49,취나물된장무침,2.77,90.0,0.76,4.13,211.4
677,252.49,40.72,7.9,츄러스,4.62,70.0,15.91,2.1,253.88
678,476.98,59.67,18.99,치즈김밥,16.86,270.0,0.57,7.07,455.54
679,755.37,41.76,46.69,치즈돈가스,42.02,250.0,3.57,3.26,870.77
680,595.0,80.0,23.0,치즈라면,16.8,600.0,0.9,8.0,2113.4
681,329.14,28.64,20.63,치즈케이크,7.23,100.0,15.28,1.24,200.67
682,553.0,71.2,15.8,치즈피자,31.4,200.0,6.8,6.3,949.96
683,56.41,4.4,3.65,치커리겉절이,1.49,100.0,3.71,1.92,176.85
684,593.0,44.02,33.92,치킨까스,27.91,200.0,4.15,3.86,779.27
685,468.4,14.93,35.42,치킨너겟,22.47,150.0,4.94,3.46,843.88
686,707.64,51.71,30.65,치킨데리야끼,56.23,340.0,0.39,4.75,906.15
687,22.1,3.97,0.39,치킨무,0.68,130.0,2.27,1.97,245.3
688,475.56,50.17,19.49,치킨버거,24.86,200.0,3.82,5.49,666.76
689,518.4,99.53,6.73,카레라이스,14.94,480.0,0.78,2.62,1007.05
690,234.74,33.59,8.03,카스텔라,7.02,70.0,23.64,0.89,43.81
691,540.65,104.28,3.46,칼국수,23.09,700.0,0.0,10.9,1542.0
692,487.64,89.23,9.05,캘리포니아롤,12.33,300.0,8.9,7.6,1295.88
693,86.06,4.16,0.4,코다리조림,16.46,100.0,3.67,12.85,465.52
694,188.69,12.15,2.69,코다리찜,28.97,200.0,5.0,3.72,1240.64
695,548.05,51.07,28.71,콤비네이션피자,21.35,200.0,9.69,5.13,882.61
696,651.57,71.37,26.81,콩국수,31.2,800.0,1.95,15.18,532.23
697,83.58,5.34,5.34,콩나물고춧가루무침,3.54,90.0,1.71,4.97,182.96
698,24.66,2.44,0.35,콩나물국,2.95,400.0,0.65,1.64,874.4
699,403.26,85.22,1.89,콩나물국밥,11.34,780.0,0.0,9.21,1339.02
700,123.17,10.46,4.45,콩나물된장국,10.31,400.0,2.11,4.18,1461.21
701,146.27,18.94,4.42,콩나물된장찌개,7.69,300.0,0.29,4.39,919.07
702,34.54,1.6,2.27,콩나물무침,1.93,50.0,0.25,0.85,193.59
703,392.17,71.66,5.07,콩나물밥,14.98,320.0,0.12,6.18,868.99
704,153.12,28.86,2.22,콩나물잡채,4.43,230.0,21.56,8.27,1422.94
705,275.73,14.27,12.32,콩비지찌개,26.95,400.0,12.98,8.16,1156.03
706,84.27,10.45,2.32,(검은)콩조림,5.39,30.0,1.06,4.68,260.31
707,669.17,64.96,40.47,크로아상,11.28,150.0,9.15,3.44,685.04
708,837.57,73.76,50.59,크림소스스파게티,21.79,400.0,9.17,4.76,1030.21
709,234.13,18.79,3.72,키조개구이,31.38,180.0,6.48,7.09,817.83
710,358.97,24.84,16.75,탕수육,27.21,200.0,19.08,2.89,814.66
711,97.5,12.26,3.81,탕평채,3.55,100.0,0.39,2.67,260.4
712,62.09,10.42,0.49,토란국,4.01,400.0,1.07,0.21,759.86
713,61.11,3.8,3.04,토란대나물무침,4.63,90.0,0.35,3.03,199.95
714,642.58,93.2,19.15,토마토소스스파게티,24.35,500.0,15.6,7.34,1508.63
715,67.82,11.05,1.88,톳나물무침,1.68,90.0,6.25,5.73,540.29
716,13.32,1.26,0.58,파김치,0.77,30.0,0.45,1.22,259.16
717,14.83,1.49,0.51,파래무침,1.06,30.0,0.52,1.05,220.77
718,105.95,13.62,4.22,파무침,3.38,150.0,12.03,5.28,635.69
719,292.8,34.81,14.03,파전,6.83,150.0,0.79,6.19,345.96
720,196.98,7.53,6.39,팔보채,27.33,220.0,4.59,5.52,1883.99
721,286.0,64.51,0.19,팥밥,6.56,200.0,0.0,5.18,7.12
722,401.79,82.39,1.67,팥빙수,14.29,400.0,37.84,15.86,125.16
723,224.23,48.13,1.85,팥시루떡,3.77,100.0,0.04,3.99,195.21
724,324.17,66.63,0.76,팥죽,12.69,400.0,0.08,8.33,508.72
725,294.75,62.93,2.53,팥찹쌀떡,5.06,100.0,25.95,1.82,140.24
726,326.3,29.05,20.76,페이스트리,5.82,70.0,4.5,1.46,261.05
727,319.59,32.52,18.4,페이스트리빵,5.99,70.0,5.75,2.13,295.79
728,532.0,70.3,14.8,페퍼로니피자,29.4,200.0,7.5,5.5,945.22
729,628.0,71.6,25.5,포테이토피자,28.0,250.0,8.5,6.8,999.93
730,79.6,14.51,0.85,표고버섯구이,3.47,80.0,1.12,8.91,348.04
731,142.0,15.8,6.7,표고버섯볶음,4.5,150.0,2.6,9.3,574.8
732,551.73,95.37,14.43,표고버섯볶음밥,10.09,300.0,0.0,7.73,896.57
733,271.89,19.11,14.97,표고버섯전,15.19,150.0,2.84,11.03,475.95
734,123.64,12.0,7.35,풋고추된장무침,2.37,100.0,8.43,3.43,182.55
735,51.22,8.27,0.99,풋고추찜,2.31,100.0,1.44,4.1,708.36
736,71.06,11.27,1.04,풋마늘무침,4.14,100.0,5.95,4.6,477.0
737,595.65,63.52,30.09,피자빵,17.7,200.0,16.21,4.34,1274.89
738,51.64,6.07,0.95,피조개무침,4.71,100.0,3.72,2.1,222.87
739,401.93,76.84,4.08,하이라이스,14.47,360.0,0.0,3.14,884.09
740,374.18,77.92,0.85,한치초밥,13.71,250.0,13.13,1.54,1199.31
741,347.37,14.38,21.45,함박스테이크,24.2,200.0,0.11,2.51,395.28
742,771.93,100.45,22.44,해물덮밥,42.04,700.0,1.19,10.89,1802.68
743,111.58,10.73,3.9,해물된장국,8.38,400.0,1.79,4.02,1534.58
744,211.37,15.08,3.86,해물매운탕,29.07,600.0,2.69,9.85,2208.53
745,419.06,32.2,15.3,해물볶음,38.2,400.0,7.4,9.2,1755.16
746,705.22,90.46,27.0,해물볶음밥,25.1,400.0,1.22,11.67,1074.35
747,444.86,36.07,23.21,해물완자전,22.92,200.0,6.81,3.53,1181.0
748,400.08,35.4,9.8,해물찜,42.6,500.0,5.5,10.5,2137.21
749,628.26,123.9,4.61,해물칼국수,22.8,900.0,3.81,44.91,2355.07
750,111.2,9.93,2.02,해물콩나물찜,13.33,200.0,0.0,4.99,446.45
751,917.57,86.97,49.79,해물크림소스스파게티,30.39,500.0,8.36,8.0,1323.7
752,267.81,16.6,4.7,해물탕,39.8,600.0,0.8,6.0,2046.24
753,584.44,87.24,13.73,해물토마토소스스파게티,27.97,500.0,13.48,8.3,1533.16
754,256.14,27.43,12.6,해물파전,8.25,150.0,1.23,2.44,449.35
755,39.3,8.52,0.16,해초무침,0.95,100.0,3.95,4.25,862.21
756,91.0,13.4,1.4,해파리냉채,6.2,150.0,11.4,2.1,508.77
757,93.41,9.52,4.18,햄 김치찌개,4.42,300.0,0.12,2.85,1335.08
758,577.05,2.61,51.39,햄구이,26.02,170.0,3.26,2.62,1506.75
759,189.0,12.7,10.4,햄김치찌개,11.1,300.0,3.6,8.3,1583.05
760,277.32,8.06,21.59,햄달걀부침,12.71,100.0,0.0,1.54,590.52
761,527.67,43.34,27.95,햄버거,25.69,200.0,6.25,5.56,900.73
762,457.7,20.76,29.65,햄버거스테이크,26.96,200.0,5.33,5.67,950.22
763,244.0,11.3,17.1,햄부침,11.3,100.0,1.0,1.6,715.66
764,439.2,31.28,23.84,햄샌드위치,24.88,200.0,3.79,3.34,1397.4
765,401.83,21.13,25.02,햄채소볶음,23.04,220.0,7.32,3.94,1766.73
766,433.09,45.79,18.37,햄치즈샌드위치,21.15,240.0,9.62,4.14,658.78
767,396.31,89.48,1.09,현미밥,7.14,230.0,0.0,4.63,4.8
768,470.6,85.68,10.61,호떡,8.11,150.0,1.09,3.12,316.31
769,115.04,16.69,2.77,호박고추장찌개,5.83,280.0,1.58,3.34,590.73
770,129.0,10.1,8.1,호박부침개,3.9,100.0,3.6,1.3,174.33
771,200.5,21.46,10.01,호박오가리나물무침,6.14,100.0,6.82,7.03,1849.2
772,23.1,1.88,1.11,호박잎된장국,1.41,350.0,0.25,0.85,569.77
773,208.1,16.1,13.09,호박전,6.48,150.0,2.85,6.87,276.95
774,197.52,26.3,6.84,호박죽,7.7,400.0,14.24,10.37,167.39
775,95.0,12.2,2.6,호박찌개,5.6,300.0,5.8,4.1,1024.11
776,198.94,25.95,2.63,홍어무침,17.85,200.0,14.46,6.72,802.04
777,87.05,3.0,7.11,홍합무국,2.76,350.0,0.83,2.92,816.38
778,167.0,11.6,4.7,홍합미역국,19.7,650.0,0.0,9.5,2043.68
779,156.66,10.58,4.8,홍합산적,17.78,80.0,3.34,1.48,719.72
780,272.65,21.35,14.77,화양적,13.58,150.0,1.21,8.58,797.03
781,437.57,26.9,15.4,황태구이,47.8,200.0,14.2,3.0,1135.33
782,181.7,5.7,6.8,황태해장국,24.5,600.0,1.5,5.4,1533.09
783,741.26,111.04,20.11,회냉면,29.04,500.0,14.21,13.12,495.46
784,683.02,103.3,16.55,회덮밥,30.21,500.0,10.93,8.09,744.27
785,203.95,21.5,4.12,회무침,20.22,250.0,11.33,6.47,686.98
786,530.04,21.29,33.67,후라이드치킨,35.47,200.0,0.0,0.84,386.81
787,797.14,12.08,64.07,훈제오리,43.06,250.0,0.27,1.36,1220.37
788,348.7,80.14,0.22,흑미밥,6.53,200.0,0.04,3.01,3.51
789,245.96,14.56,18.9,흑임자죽,4.41,400.0,2.99,2.85,635.84
