SET REFERENTIAL_INTEGRITY False;
TRUNCATE TABLE MEMBER_TB;
TRUNCATE TABLE MEAL_FOOD_TB;
TRUNCATE TABLE MEAL_TB;
TRUNCATE TABLE FOOD_TB;
SET REFERENTIAL_INTEGRITY True;


INSERT INTO member_tb (created_date, updated_date, member_activity, member_age, member_etc, member_gender,
                       member_height, member_login_id, member_password, member_weight)
VALUES ('2023-12-01 08:00:00', '2023-12-01 08:00:00', 'NOT_ACTIVE', 30, '비고 없음', 1, 175.0, 'testId1234+GUEST',
        'testId1234+GUEST', 70.0);

INSERT INTO food_tb (food_calorie, food_carbohydrate, food_fat, food_main_category, food_name, food_protein,
                     food_serving_size, food_sub_category)
VALUES (200.0, 30.0, 10.0, '과일', '사과', 2.0, 120.0, '사과'),
       (300.0, 40.0, 20.0, '과일', '바나나', 3.0, 120.0, '바나나'),
       (400.0, 50.0, 30.0, '과일', '포도', 4.0, 120.0, '포도'),
       (500.0, 60.0, 40.0, '과일', '수박', 5.0, 120.0, '수박'),
       (600.0, 70.0, 50.0, '과일', '딸기', 6.0, 120.0, '딸기'),
       (700.0, 80.0, 60.0, '과일', '복숭아', 7.0, 120.0, '복숭아'),
       (800.0, 90.0, 70.0, '과일', '오렌지', 8.0, 120.0, '오렌지'),
       (900.0, 10.0, 80.0, '과일', '키위', 9.0, 120.0, '키위'),
       (1000.0, 20.0, 90.0, '과일', '체리', 10.0, 120.0, '체리'),
       (1100.0, 30.0, 100.0, '과일', '레몬', 11.0, 120.0, '레몬'),
       (1200.0, 40.0, 110.0, '과일', '자몽', 12.0, 120.0, '자몽'),
       (1300.0, 50.0, 120.0, '과일', '망고', 13.0, 120.0, '망고'),
       (1400.0, 60.0, 130.0, '과일', '파인애플', 14.0, 120.0, '파인애플'),
       (1500.0, 70.0, 140.0, '과일', '아보카도', 15.0, 120.0, '아보카도'),
       (1600.0, 80.0, 150.0, '과일', '망고스틴', 16.0, 120.0, '망고스틴'),
       (1700.0, 90.0, 160.0, '과일', '파파야', 17.0, 120.0, '파파야'),
       (1800.0, 10.0, 170.0, '과일', '블루베리', 18.0, 120.0, '블루베리'),
       (1900.0, 20.0, 180.0, '과일', '라즈베리', 19.0, 120.0, '라즈베리');

INSERT INTO meal_tb (created_date, updated_date, meal_type, meal_food_multiple, member_fk)
VALUES ('2023-12-03 08:00:00', '2023-12-03 08:00:00', 'BREAKFAST', 1.0, 1),
       ('2023-12-03 13:00:00', '2023-12-03 13:00:00', 'LUNCH', 1.5, 1),
       ('2023-12-04 08:00:00', '2023-12-04 08:00:00', 'BREAKFAST', 1.0, 1),
       ('2023-12-04 13:00:00', '2023-12-04 13:00:00', 'LUNCH', 1.5, 1),
       ('2023-12-05 08:00:00', '2023-12-05 08:00:00', 'BREAKFAST', 1.0, 1),
       ('2023-12-05 13:00:00', '2023-12-05 13:00:00', 'LUNCH', 1.5, 1),
       ('2023-12-06 08:00:00', '2023-12-06 08:00:00', 'BREAKFAST', 1.0, 1),
       ('2023-12-06 13:00:00', '2023-12-06 13:00:00', 'LUNCH', 1.5, 1),
       ('2023-12-07 08:00:00', '2023-12-07 08:00:00', 'BREAKFAST', 1.0, 1),
       ('2023-12-07 13:00:00', '2023-12-07 13:00:00', 'LUNCH', 1.5, 1),
       ('2023-12-08 08:00:00', '2023-12-08 08:00:00', 'BREAKFAST', 1.0, 1),
       ('2023-12-08 13:00:00', '2023-12-08 13:00:00', 'LUNCH', 1.5, 1),
       ('2023-12-09 08:00:00', '2023-12-09 08:00:00', 'BREAKFAST', 1.0, 1),
       ('2023-12-09 13:00:00', '2023-12-09 13:00:00', 'LUNCH', 1.5, 1),
       ('2023-12-10 08:00:00', '2023-12-10 08:00:00', 'BREAKFAST', 1.0, 1),
       ('2023-12-10 13:00:00', '2023-12-10 13:00:00', 'LUNCH', 1.5, 1),
       ('2023-12-11 08:00:00', '2023-12-11 08:00:00', 'BREAKFAST', 1.0, 1),
       ('2023-12-11 13:00:00', '2023-12-11 13:00:00', 'LUNCH', 1.5, 1),
       ('2023-12-12 08:00:00', '2023-12-12 08:00:00', 'BREAKFAST', 1.0, 1),
       ('2023-12-12 13:00:00', '2023-12-12 13:00:00', 'LUNCH', 1.5, 1),
       ('2023-12-13 08:00:00', '2023-12-13 08:00:00', 'BREAKFAST', 1.0, 1),
       ('2023-12-13 13:00:00', '2023-12-13 13:00:00', 'LUNCH', 1.5, 1),
       ('2023-12-14 08:00:00', '2023-12-14 08:00:00', 'BREAKFAST', 1.0, 1),
       ('2023-12-14 13:00:00', '2023-12-14 13:00:00', 'LUNCH', 1.5, 1),
       ('2023-12-15 08:00:00', '2023-12-15 08:00:00', 'BREAKFAST', 1.0, 1),
       ('2023-12-15 13:00:00', '2023-12-15 13:00:00', 'LUNCH', 1.5, 1),
       ('2023-12-16 08:00:00', '2023-12-16 08:00:00', 'BREAKFAST', 1.0, 1),
       ('2023-12-16 13:00:00', '2023-12-16 13:00:00', 'LUNCH', 1.5, 1),
       ('2023-12-17 08:00:00', '2023-12-17 08:00:00', 'BREAKFAST', 1.0, 1),
       ('2023-12-17 13:00:00', '2023-12-17 13:00:00', 'LUNCH', 1.5, 1);


INSERT INTO meal_food_tb (created_date, updated_date, food_fk, meal_fk)
VALUES ('2023-12-03 08:00:00', '2023-12-03 08:00:00', 1, 1),
       ('2023-12-03 13:00:00', '2023-12-03 13:00:00', 2, 2),
       ('2023-12-04 08:00:00', '2023-12-04 08:00:00', 3, 3),
       ('2023-12-04 13:00:00', '2023-12-04 13:00:00', 4, 4),
       ('2023-12-05 08:00:00', '2023-12-05 08:00:00', 5, 5),
       ('2023-12-05 13:00:00', '2023-12-05 13:00:00', 6, 6),
       ('2023-12-06 08:00:00', '2023-12-06 08:00:00', 7, 7),
       ('2023-12-06 13:00:00', '2023-12-06 13:00:00', 8, 8),
       ('2023-12-07 08:00:00', '2023-12-07 08:00:00', 9, 9),
       ('2023-12-07 13:00:00', '2023-12-07 13:00:00', 10, 10),
       ('2023-12-08 08:00:00', '2023-12-08 08:00:00', 11, 11),
       ('2023-12-08 13:00:00', '2023-12-08 13:00:00', 12, 12),
       ('2023-12-09 08:00:00', '2023-12-09 08:00:00', 12, 13),
       ('2023-12-09 13:00:00', '2023-12-09 13:00:00', 1, 14),
       ('2023-12-10 08:00:00', '2023-12-10 08:00:00', 2, 15),
       ('2023-12-10 13:00:00', '2023-12-10 13:00:00', 3, 16),
       ('2023-12-11 08:00:00', '2023-12-11 08:00:00', 4, 17),
       ('2023-12-11 13:00:00', '2023-12-11 13:00:00', 5, 18),
       ('2023-12-12 08:00:00', '2023-12-12 08:00:00', 6, 19),
       ('2023-12-12 13:00:00', '2023-12-12 13:00:00', 7, 20),
       ('2023-12-13 08:00:00', '2023-12-13 08:00:00', 8, 21),
       ('2023-12-13 13:00:00', '2023-12-13 13:00:00', 9, 22),
       ('2023-12-14 08:00:00', '2023-12-14 08:00:00', 10, 23),
       ('2023-12-14 13:00:00', '2023-12-14 13:00:00', 11, 24),
       ('2023-12-15 08:00:00', '2023-12-15 08:00:00', 12, 25),
       ('2023-12-15 13:00:00', '2023-12-15 13:00:00', 12, 26),
       ('2023-12-16 08:00:00', '2023-12-16 08:00:00', 1, 27),
       ('2023-12-16 13:00:00', '2023-12-16 13:00:00', 2, 28),
       ('2023-12-17 08:00:00', '2023-12-17 08:00:00', 3, 29),
       ('2023-12-17 13:00:00', '2023-12-17 13:00:00', 4, 30);







