SET REFERENTIAL_INTEGRITY False;
TRUNCATE TABLE MEMBER_TB;
TRUNCATE TABLE MEAL_FOOD_TB;
TRUNCATE TABLE MEAL_TB;
TRUNCATE TABLE FOOD_TB;
SET REFERENTIAL_INTEGRITY True;


INSERT INTO member_tb (created_date, updated_date, member_activity, member_age, member_etc, member_gender,
                       member_height, member_login_id, member_password, member_role, member_weight)
VALUES ('2023-12-01 08:00:00', '2023-12-01 08:00:00', 'NOT_ACTIVE', 30, '비고 없음', 1, 175.0, 'testId1234+GUEST',
        'testId1234+GUEST', 'GUEST', 70.0);

INSERT INTO food_tb (food_calorie, food_carbohydrate, food_fat, food_main_category, food_name, food_protein,
                     food_serving_size, food_sub_category)
VALUES (200.0, 30.0, 10.0, '과일', '사과', 2.0, 120.0, '사과'),
       (300.0, 40.0, 20.0, '과일', '바나나', 3.0, 120.0, '바나나'),
       (400.0, 50.0, 30.0, '과일', '포도', 4.0, 120.0, '포도'),
       (500.0, 60.0, 40.0, '과일', '수박', 5.0, 120.0, '수박'),
       (600.0, 70.0, 50.0, '과일', '딸기', 6.0, 120.0, '딸기'),
       (700.0, 80.0, 60.0, '과일', '복숭아', 7.0, 120.0, '복숭아'),
       (800.0, 90.0, 70.0, '과일', '오렌지', 8.0, 120.0, '오렌지'),
       (900.0, 10.0, 80.0, '과일', '키위', 9.0, 120.0, '키위'),
       (1000.0, 20.0, 90.0, '과일', '체리', 10.0, 120.0, '체리'),
       (1100.0, 30.0, 100.0, '과일', '레몬', 11.0, 120.0, '레몬'),
       (1200.0, 40.0, 110.0, '과일', '자몽', 12.0, 120.0, '자몽'),
       (1300.0, 50.0, 120.0, '과일', '망고', 13.0, 120.0, '망고'),
       (1400.0, 60.0, 130.0, '과일', '파인애플', 14.0, 120.0, '파인애플'),
       (1500.0, 70.0, 140.0, '과일', '아보카도', 15.0, 120.0, '아보카도'),
       (1600.0, 80.0, 150.0, '과일', '망고스틴', 16.0, 120.0, '망고스틴'),
       (1700.0, 90.0, 160.0, '과일', '파파야', 17.0, 120.0, '파파야'),
       (1800.0, 10.0, 170.0, '과일', '블루베리', 18.0, 120.0, '블루베리'),
       (1900.0, 20.0, 180.0, '과일', '라즈베리', 19.0, 120.0, '라즈베리'),
        (2000.0, 30.0, 190.0, '과일', '블랙베리', 20.0, 120.0, '블랙베리'),
       (200.0, 245.0, 1.3, '구이류', '가자미구이', 37.4, 10.0, '어패류구이'),
       (200.0, 275.0, 1.2, '구이류', '갈치구이', 43.1, 11.0, '어패류구이'),
       (200.0, 551.0, 0.4, '구이류', '고등어구이', 47.7, 40.0, '어패류구이'),
       (200.0, 679.0, 7.6, '구이류', '고등어석쇠구이', 46.7, 51.4, '어패류구이'),
       (150.0, 291.0, 0.1, '구이류', '굴비구이', 28.0, 19.9, '어패류구이'),
       (200.0, 604.0, 4.3, '구이류', '꽁치구이', 49.4, 43.4, '어패류구이'),
       (250.0, 397.0, 2.1, '구이류', '도미구이', 61.1, 16.5, '어패류구이'),
       (70.0, 261.0, 17.6, '구이류', '뱅어포구이', 24.1, 10.6, '어패류구이'),
       (250.0, 488.0, 0.2, '구이류', '병어구이', 54.6, 30.8, '어패류구이'),
       (100.0, 296.54, 11.6, '구이류', '붕장어소금구이', 26.0, 16.2, '어패류구이'),
       (200.0, 355.71, 8.48, '구이류', '삼치구이', 37.83, 18.01, '어패류구이'),
       (180.0, 260.0, 5.1, '구이류', '새우구이', 42.1, 8.0, '어패류구이'),
       (150.0, 433.35, 8.8, '구이류', '양념장어구이', 30.77, 30.56, '어패류구이'),
       (250.0, 494.0, 3.5, '구이류', '임연수구이', 53.8, 29.4, '어패류구이'),
       (180.0, 460.0, 36.4, '구이류', '조기구이', 34.8, 19.5, '어패류구이'),
       (5.0, 23.0, 1.4, '구이류', '조미김', 1.0, 1.5, '어패류구이'),
       (70.0, 238.0, 37.4, '구이류', '쥐포구이', 21.7, 0.2, '어패류구이'),
       (200.0, 326.21, 2.3, '구이류', '짚불구이곰장어', 42.7, 16.2, '어패류구이'),
       (180.0, 346.0, 2.5, '구이류', '참치머리구이', 47.8, 16.2, '어패류구이'),
       (180.0, 234.0, 18.8, '구이류', '키조개구이', 31.4, 3.7, '어패류구이'),
       (200.0, 437.57, 26.9, '구이류', '황태구이', 47.8, 15.4, '어패류구이'),
       (300.0, 740.0, 10.6, '구이류', '간장양념닭다리구이', 68.9, 46.9, '육류구이'),
       (100.0, 142.0, 3.0, '구이류', '그레이프 소스 스테이크', 10.0, 10.0, '육류구이'),
       (500.0, 368.8, 39.7, '구이류', '꿩불고기', 33.5, 8.5, '육류구이'),
       (170.0, 416.0, 17.6, '구이류', '닭고기대파꼬치구이', 30.3, 25.0, '육류구이'),
       (340.0, 872.0, 26.5, '구이류', '닭구이', 89.1, 45.5, '육류구이'),
       (70.0, 177.51, 12.9, '구이류', '닭꼬치', 12.35, 7.9, '육류구이'),
       (220.0, 431.0, 21.3, '구이류', '닭발구이', 39.9, 20.7, '육류구이'),
       (220.0, 431.0, 21.3, '구이류', '양구이', 39.9, 20.7, '육류구이'),
       (220.0, 431.0, 21.3, '구이류', '소구이', 39.9, 20.7, '육류구이'),
       (220.0, 431.0, 21.3, '구이류', '토끼구이', 39.9, 20.7, '육류구이'),
       (220.0, 431.0, 21.3, '구이류', '멧돼지구이', 39.9, 20.7, '육류구이'),
       (220.0, 431.0, 21.3, '구이류', '참새구이', 39.9, 20.7, '육류구이'),
       (100.0, 143.0, 8.0, '구이류', '더블 체다 함박 스테이크', 12.0, 7.0, '육류구이'),
       (100.0, 248.52, 7.6, '구이류', '돼지갈비', 19.95, 14.7, '육류구이'),
       (170.0, 339.0, 2.6, '구이류', '돼지고기산적', 49.4, 14.6, '육류구이'),
       (200.0, 449.0, 8.1, '구이류', '돼지불고기', 29.7, 33.1, '육류구이'),
       (200.0, 388.0, 0.3, '구이류', '등심스테이크', 60.4, 16.1, '육류구이'),
       (250.0, 762.99, 26.61, '구이류', '떡갈비', 43.08, 51.58, '육류구이'),
       (160.0, 484.0, 5.2, '구이류', '런천미트구이', 28.1, 39.0, '육류구이'),
       (100.0, 179.0, 9.0, '구이류', '레드 칠리 스테이크', 11.0, 11.0, '육류구이'),
       (100.0, 128.0, 5.0, '구이류', '레드와인소스스테이크', 9.0, 8.0, '육류구이'),
       (200.0, 805.0, 25.3, '구이류', '삼겹살고추장구이', 28.4, 65.7, '육류구이'),
       (200.0, 933.0, 0.7, '구이류', '삼겹살구이', 45.1, 83.4, '육류구이'),
       (300.0, 722.0, 4.8, '구이류', '소갈비구이', 77.7, 43.7, '육류구이'),
       (100.0, 124.0, 4.0, '구이류', '소고기 찹스테이크', 9.0, 8.0, '육류구이'),
       (150.0, 639.11, 6.51, '구이류', '소곱창구이', 35.62, 51.71, '육류구이'),
       (200.0, 174.73, 19.63, '구이류', '소불고기', 14.22, 4.68, '육류구이'),
       (300.0, 986.92, 27.74, '구이류', '소양념갈비구이', 61.97, 66.48, '육류구이'),
       (200.0, 366.0, 0.2, '구이류', '안심스테이크', 69.6, 9.7, '육류구이');

INSERT INTO meal_tb (created_date, updated_date, meal_type, meal_food_multiple, member_fk)
VALUES ('2024-03-01 08:00:00', '2024-03-01 08:00:00', 'BREAKFAST', 1.0, 1),
       ('2024-03-01 13:00:00', '2024-03-01 13:00:00', 'LUNCH', 1.5, 1),
       ('2024-03-02 08:00:00', '2024-03-02 08:00:00', 'BREAKFAST', 1.0, 1),
       ('2024-03-02 13:00:00', '2024-03-02 13:00:00', 'LUNCH', 1.5, 1),
       ('2024-03-03 08:00:00', '2024-03-03 08:00:00', 'BREAKFAST', 1.0, 1),
       ('2024-03-03 13:00:00', '2024-03-03 13:00:00', 'LUNCH', 1.5, 1),
       ('2024-03-04 08:00:00', '2024-03-04 08:00:00', 'BREAKFAST', 1.0, 1),
       ('2024-03-04 13:00:00', '2024-03-04 13:00:00', 'LUNCH', 1.5, 1),
       ('2024-03-05 08:00:00', '2024-03-05 08:00:00', 'BREAKFAST', 1.0, 1),
       ('2024-03-05 13:00:00', '2024-03-05 13:00:00', 'LUNCH', 1.5, 1),
       ('2024-03-06 08:00:00', '2024-03-06 08:00:00', 'BREAKFAST', 1.0, 1),
       ('2024-03-06 13:00:00', '2024-03-06 13:00:00', 'LUNCH', 1.5, 1),
       ('2024-03-07 08:00:00', '2024-03-07 08:00:00', 'BREAKFAST', 1.0, 1),
       ('2024-03-07 13:00:00', '2024-03-07 13:00:00', 'LUNCH', 1.5, 1),
       ('2024-03-08 08:00:00', '2024-03-08 08:00:00', 'BREAKFAST', 1.0, 1),
       ('2024-03-08 13:00:00', '2024-03-08 13:00:00', 'LUNCH', 1.5, 1),
       ('2024-03-09 08:00:00', '2024-03-09 08:00:00', 'BREAKFAST', 1.0, 1),
       ('2024-03-09 13:00:00', '2024-03-09 13:00:00', 'LUNCH', 1.5, 1),
       ('2024-03-10 08:00:00', '2024-03-10 08:00:00', 'BREAKFAST', 1.0, 1),
       ('2024-03-10 13:00:00', '2024-03-10 13:00:00', 'LUNCH', 1.5, 1),
       ('2024-03-11 08:00:00', '2024-03-11 08:00:00', 'BREAKFAST', 1.0, 1),
       ('2024-03-11 13:00:00', '2024-03-11 13:00:00', 'LUNCH', 1.5, 1),
       ('2024-03-12 08:00:00', '2024-03-12 08:00:00', 'BREAKFAST', 1.0, 1),
       ('2024-03-12 13:00:00', '2024-03-12 13:00:00', 'LUNCH', 1.5, 1),
       ('2024-03-13 08:00:00', '2024-03-13 08:00:00', 'BREAKFAST', 1.0, 1),
       ('2024-03-13 13:00:00', '2024-03-13 13:00:00', 'LUNCH', 1.5, 1),
       ('2024-03-14 08:00:00', '2024-03-14 08:00:00', 'BREAKFAST', 1.0, 1),
       ('2024-03-14 13:00:00', '2024-03-14 13:00:00', 'LUNCH', 1.5, 1),
       ('2024-03-15 08:00:00', '2024-03-15 08:00:00', 'BREAKFAST', 1.0, 1),
       ('2024-03-15 13:00:00', '2024-03-15 13:00:00', 'LUNCH', 1.5, 1),
       ('2024-03-16 08:00:00', '2024-03-16 08:00:00', 'BREAKFAST', 1.0, 1),
       ('2024-03-16 13:00:00', '2024-03-16 13:00:00', 'LUNCH', 1.5, 1),
       ('2024-03-17 08:00:00', '2024-03-17 08:00:00', 'BREAKFAST', 1.0, 1),
       ('2024-03-17 13:00:00', '2024-03-17 13:00:00', 'LUNCH', 1.5, 1);

INSERT INTO meal_food_tb (created_date, updated_date, food_fk, meal_fk)
VALUES ('2024-03-01 08:00:00', '2024-03-01 08:00:00', 1, 1),
       ('2024-03-01 13:00:00', '2024-03-01 13:00:00', 2, 2),
       ('2024-03-02 08:00:00', '2024-03-02 08:00:00', 3, 3),
       ('2024-03-02 13:00:00', '2024-03-02 13:00:00', 4, 4),
       ('2024-03-03 08:00:00', '2024-03-03 08:00:00', 5, 5),
       ('2024-03-03 13:00:00', '2024-03-03 13:00:00', 6, 6),
       ('2024-03-04 08:00:00', '2024-03-04 08:00:00', 7, 7),
       ('2024-03-04 13:00:00', '2024-03-04 13:00:00', 8, 8),
       ('2024-03-05 08:00:00', '2024-03-05 08:00:00', 9, 9),
       ('2024-03-05 13:00:00', '2024-03-05 13:00:00', 10, 10),
       ('2024-03-06 08:00:00', '2024-03-06 08:00:00', 11, 11),
       ('2024-03-06 13:00:00', '2024-03-06 13:00:00', 12, 12),
       ('2024-03-07 08:00:00', '2024-03-07 08:00:00', 12, 13),
       ('2024-03-07 13:00:00', '2024-03-07 13:00:00', 1, 14),
       ('2024-03-08 08:00:00', '2024-03-08 08:00:00', 2, 15),
       ('2024-03-08 13:00:00', '2024-03-08 13:00:00', 3, 16),
       ('2024-03-09 08:00:00', '2024-03-09 08:00:00', 4, 17),
       ('2024-03-09 13:00:00', '2024-03-09 13:00:00', 5, 18),
       ('2024-03-10 08:00:00', '2024-03-10 08:00:00', 6, 19),
       ('2024-03-10 13:00:00', '2024-03-10 13:00:00', 7, 20),
       ('2024-03-11 08:00:00', '2024-03-11 08:00:00', 8, 21),
       ('2024-03-11 13:00:00', '2024-03-11 13:00:00', 9, 22),
       ('2024-03-12 08:00:00', '2024-03-12 08:00:00', 10, 23),
       ('2024-03-12 13:00:00', '2024-03-12 13:00:00', 11, 24),
       ('2024-03-13 08:00:00', '2024-03-13 08:00:00', 12, 25),
       ('2024-03-13 13:00:00', '2024-03-13 13:00:00', 12, 26),
       ('2024-03-14 08:00:00', '2024-03-14 08:00:00', 1, 27),
       ('2024-03-14 13:00:00', '2024-03-14 13:00:00', 2, 28),
       ('2024-03-15 08:00:00', '2024-03-15 08:00:00', 3, 29),
       ('2024-03-15 13:00:00', '2024-03-15 13:00:00', 4, 30);








