식품명,1회제공량,에너지(kcal),탄수화물(g),단백질(g),지방(g),당류(g),식이섬유(g),나트륨(mg)
BLT샌드위치,220g,423.85,18.56,20.9,29.56,1.31,4.28,786.82
가래떡,100g,195.16,43.73,3.92,0.51,0.0,0.61,240.57
가오리찜,200g,204.63,0.92,43.98,2.78,0.11,4.86,302.21
가오리회무침,230g,186.62,14.6,26.07,2.66,12.57,6.16,813.55
가자미구이,200g,245.31,1.32,37.4,10.04,0.0,2.99,630.39
가자미식해,250g,335.62,29.1,27.73,12.03,9.27,10.32,1711.42
가자미전,150g,230.28,6.91,25.76,11.06,0.3,1.36,819.37
가자미조림,300g,297.98,21.5,37.1,7.1,10.5,5.4,1692.83
가지나물무침,50g,17.95,2.09,0.71,0.75,1.17,1.33,137.08
가지전,200g,245.82,17.75,10.96,14.55,1.68,4.57,674.41
간장게장,250g,155.4,15.09,17.56,2.76,10.53,2.75,2722.89
간장마늘쫑장아찌,50g,30.0,5.4,1.0,0.5,3.9,1.6,813.64
간장양념닭다리구이,300g,740.27,10.56,68.9,46.94,13.13,4.83,1628.76
간장양념닭다리튀김,200g,646.67,35.75,37.71,39.2,7.41,4.28,820.61
간장양념치킨,200g,543.73,42.48,20.46,32.44,10.54,0.57,1187.57
간짜장,500g,625.08,75.67,25.59,24.45,4.28,7.51,2276.22
갈비탕,670g,363.24,2.68,57.0,13.83,0.77,12.43,1330.59
갈치구이,200g,275.69,1.2,43.07,10.95,0.0,13.38,594.47
갈치조림,100g,100.82,6.16,12.72,2.81,6.29,2.63,567.55
갈치찌개,250g,94.75,4.88,13.17,2.51,2.45,2.1,228.68
감자된장국,400g,98.19,14.78,4.34,2.41,3.09,2.24,1429.93
감자볶음,100g,100.18,12.41,1.75,4.84,3.37,1.69,318.41
감자샐러드,150g,189.19,18.37,1.97,11.98,5.63,2.73,354.01
감자전,200g,265.62,33.58,3.43,13.07,3.62,4.05,586.57
감자조림,50g,56.79,9.05,1.2,1.76,3.84,0.91,243.52
감자채소볶음,130g,139.78,17.03,2.65,6.79,0.15,2.65,270.72
감자크로켓,150g,295.63,18.37,8.55,20.89,2.89,2.72,262.16
감자탕,530g,375.69,12.03,33.43,21.54,0.0,12.48,1739.85
감자튀김,150g,467.75,52.72,6.82,25.51,0.55,5.91,117.11
감잣국,400g,82.47,14.67,3.59,1.05,3.41,2.6,859.81
갓김치,40g,16.53,1.88,1.03,0.54,0.47,1.48,175.22
건갈치조림,100g,127.65,4.64,15.93,5.04,5.35,2.2,1169.12
건새우볶음,20g,60.83,1.08,8.31,2.59,0.81,1.45,310.78
건취나물무침,50g,44.4,3.2,1.81,2.7,0.0,3.2,66.46
콩밥,200g,330.61,68.59,9.06,2.23,0.0,2.25,6.87
게국지,1100g,415.25,31.7,44.9,12.1,10.8,24.4,4047.26
게살죽,800g,564.83,107.35,17.9,7.09,0.17,5.45,1453.82
경단,100g,319.47,74.22,4.44,0.54,26.64,5.44,180.0
경단(콩),100g,314.32,74.03,3.51,0.46,20.55,2.43,225.83
계란볶음밥,260g,584.71,62.99,17.22,29.32,0.44,4.56,827.6
고구마맛탕,200g,491.0,94.6,3.3,11.0,38.7,9.0,76.93
고구마전,140g,318.36,50.38,4.09,11.17,19.97,5.09,121.43
고구마줄기나물무침,50g,41.64,2.05,0.49,3.5,0.0,1.56,89.63
고구마튀김,100g,252.96,33.8,2.72,11.87,7.72,2.05,148.41
고기만두,220g,350.25,38.28,27.23,9.8,0.35,5.05,453.13
고들빼기,50g,35.27,5.76,1.5,0.69,2.2,2.51,302.71
고등어구이,200g,551.8,0.4,47.65,39.95,0.45,1.96,1210.0
고등어석쇠구이,200g,679.62,7.57,46.75,51.37,0.0,4.71,252.52
고등어조림,100g,141.01,4.1,11.25,8.84,3.39,2.45,389.57
고등어찌개,600g,601.62,25.6,48.9,33.7,7.4,15.7,2584.06
고등어튀김,150g,513.77,10.65,29.46,39.26,0.0,3.02,293.72
고사리나물,50g,44.97,3.14,1.89,2.76,0.25,2.82,220.71
고추김밥,290g,490.73,79.8,14.14,12.78,0.27,9.71,948.04
고추볶음,100g,69.78,8.25,1.93,3.23,4.34,3.67,275.73
고추잡채,200g,256.77,26.17,10.99,12.01,2.09,4.57,828.55
고추장마늘쫑장아찌,50g,55.0,10.5,1.3,0.9,5.6,2.5,707.34
고추장아찌,60g,49.62,8.44,1.19,1.24,0.44,2.29,1515.58
고추전,150g,274.69,17.01,12.91,17.22,2.17,7.47,362.21
고추조림,100g,111.0,13.4,3.3,4.9,7.1,4.0,779.1
고추튀김,100g,202.0,14.6,7.6,12.6,2.3,2.2,249.15
고춧잎나물무침,90g,79.55,6.43,3.97,4.22,1.36,4.9,717.04
곤드레나물밥,350g,521.83,98.9,10.3,9.5,0.0,10.1,90.62
골뱅이국수무침,230g,250.52,43.49,11.53,3.38,8.2,3.85,645.62
골뱅이무침,100g,108.79,15.69,7.08,1.97,10.46,3.69,525.52
곰보빵,70g,277.34,42.16,6.31,9.27,11.73,2.85,202.25
곰치국,1000g,419.29,23.9,54.3,11.8,2.8,18.7,3802.06
곰탕,300g,183.25,18.1,19.4,3.7,0.5,2.2,716.36
과일샐러드,140g,138.69,12.95,1.75,8.87,13.02,4.14,47.46
광어매운탕,600g,419.79,9.13,58.42,16.62,1.42,4.3,1799.02
국밥,800g,418.35,58.6,27.6,8.2,0.4,10.6,2301.55
군만두,220g,514.51,56.26,15.46,25.29,6.1,7.66,846.06
굴국밥,650g,683.0,88.4,42.4,17.8,0.3,6.1,1635.39
굴무국,500g,123.09,14.63,12.04,1.82,0.72,3.29,1253.34
굴무생채,300g,149.16,17.76,11.04,3.77,12.13,7.7,1097.91
굴무침,80g,61.44,5.84,5.34,1.85,2.19,2.82,162.93
굴비구이,150g,291.73,0.14,28.02,19.9,0.37,1.69,1377.2
굴전,100g,195.0,14.5,10.6,10.5,1.3,2.4,325.7
굴짬뽕,900g,680.67,115.69,32.87,9.6,1.7,8.61,2662.35
근대된장국,400g,38.84,2.71,3.49,1.56,3.31,2.17,1304.1
기스면,1000g,606.93,89.79,37.82,10.72,0.5,6.87,2764.59
기장밥,200g,331.91,73.53,6.87,1.14,0.0,2.9,2.79
기피편,100g,219.97,48.99,5.45,0.25,2.08,5.13,281.06
김말이튀김,150g,384.91,39.75,2.97,23.78,1.22,3.25,481.95
김무침,30g,77.57,5.8,6.35,3.22,1.72,5.24,303.3
김밥,230g,322.56,45.95,11.14,10.47,0.0,3.13,705.16
김치국,450g,89.0,10.5,5.4,2.8,2.9,4.5,1642.08
김치김밥,270g,351.43,51.76,11.61,10.88,0.79,4.79,942.82
김치라면,650g,552.0,86.2,13.8,16.9,1.2,8.2,2531.6
김치만두,220g,334.15,37.44,22.53,10.47,0.77,4.57,865.26
김치볶음,100g,106.07,7.27,1.38,7.94,4.45,3.23,521.44
김치볶음밥,330g,550.64,51.93,17.56,30.3,45.85,9.35,1549.8
김치우동,800g,500.18,99.14,15.55,4.6,2.13,9.01,2874.6
김치전,150g,201.08,28.51,7.58,6.3,6.32,3.67,360.13
김치전골,270g,197.79,15.34,8.43,11.41,2.14,4.32,808.04
김치찌개,400g,243.03,11.93,15.07,15.0,3.02,8.42,1962.14
김치콩나물국,400g,48.33,4.61,3.27,1.86,1.97,2.37,919.38
김칫국,400g,90.78,10.52,5.36,3.03,0.13,2.92,832.47
김튀김,50g,260.77,27.18,5.5,14.45,0.07,6.11,303.12
깍두기,50g,16.4,2.12,0.78,0.53,1.27,1.07,403.75
깐풍기,150g,344.54,27.42,18.89,17.7,4.6,0.95,615.56
깨송편,100g,219.01,42.83,4.65,3.23,1.98,4.38,259.75
깨죽,800g,515.35,79.31,13.66,15.94,3.59,9.78,1160.19
깻잎김치,50g,31.15,4.46,1.41,0.86,2.02,1.78,462.03
깻잎나물무침,50g,38.76,2.52,1.34,2.59,1.02,1.2,180.79
깻잎나물볶음,200g,206.0,11.5,7.5,14.4,0.6,10.4,1042.68
깻잎장아찌,20g,20.18,3.11,0.41,0.68,0.71,0.64,317.18
깻잎전,150g,361.1,14.54,17.74,25.78,1.06,4.6,480.15
깻잎찜,100g,97.42,5.96,5.21,5.86,1.33,3.73,792.23
꼬리곰탕,500g,135.9,4.23,22.51,3.22,0.0,2.53,96.89
꼬막찜,200g,192.87,13.93,24.06,4.55,2.06,5.72,1472.19
꽁치구이,200g,604.84,4.27,49.36,43.37,0.0,8.34,516.7
꽁치김치찌개,270g,241.19,9.56,19.27,13.98,1.9,7.1,672.52
꽁치조림,100g,243.51,5.14,15.52,17.87,4.05,3.56,349.67
꽁치찌개,300g,355.0,12.2,24.0,23.3,5.9,9.4,1296.4
꽃게탕,600g,101.1,8.61,11.13,2.46,5.71,4.85,1639.04
꽈리고추멸치볶음,50g,126.57,3.98,11.81,7.04,3.12,2.98,666.95
꽈리고추찜,100g,103.92,17.69,3.59,2.09,0.44,4.38,315.91
꽈배기,70g,272.34,30.1,5.83,14.29,7.04,1.44,225.13
꿀떡,100g,228.48,49.48,3.74,1.73,0.29,0.8,275.08
꿩불고기,500g,368.8,39.7,33.5,8.5,16.9,9.8,1264.31
나박김치,100g,9.82,1.15,0.46,0.38,0.34,0.81,377.45
낙지꼬지,80g,75.35,2.83,13.14,1.28,0.0,0.55,207.07
낙지덮밥,350g,525.24,84.42,20.58,11.69,7.55,8.06,743.31
낙지무침,180g,138.0,7.13,22.33,2.24,0.26,6.8,611.79
낙지볶음,200g,182.69,17.2,11.53,7.53,15.81,5.54,1074.86
낙지전골,300g,153.42,11.16,19.5,3.42,0.0,4.58,1452.71
낙지탕,600g,187.8,10.4,29.4,3.2,1.9,3.6,1704.69
난자완스,200g,346.25,19.15,21.63,20.35,0.49,3.35,703.23
날치알김밥,260g,461.27,74.52,15.86,11.08,3.71,5.43,777.2
내장탕,600g,423.97,10.08,34.9,27.12,0.32,11.47,1294.79
김치말이국수,600g,302.53,52.0,12.9,4.8,8.3,4.6,2121.62
냉이나물무침,60g,66.3,9.42,3.01,1.84,6.27,3.57,430.76
냉이된장국,400g,86.47,8.81,6.85,2.65,1.18,5.26,943.35
냉이된장찌개,350g,67.0,10.18,4.09,1.1,1.94,4.44,607.51
노각무침,150g,84.0,14.3,2.6,1.8,7.1,4.0,817.37
녹두빈대떡,100g,207.94,20.93,7.94,10.27,0.1,4.62,232.05
녹두시루떡,100g,246.07,48.08,7.74,2.53,4.05,4.9,263.66
농어초밥,250g,396.74,78.75,17.43,1.34,13.01,2.61,1035.04
느타리버섯무침,150g,88.01,5.16,4.11,5.66,0.13,6.99,466.7
느타리버섯볶음,50g,47.09,3.39,1.4,3.1,2.12,2.23,261.84
다시마무침,90g,43.27,6.12,2.31,1.06,0.0,5.45,2482.97
다시마튀각,50g,230.86,23.66,4.22,13.26,8.62,12.49,652.71
단무지,30g,3.77,0.72,0.1,0.06,0.14,0.4,165.55
단무지무침,50g,20.0,2.8,0.5,0.8,0.7,1.6,428.92
단호박샐러드,150g,242.52,28.15,2.22,13.45,21.45,3.06,105.47
달걀국,400g,52.37,2.74,3.73,2.94,0.0,0.81,984.54
달걀라면,550g,596.11,95.29,14.36,17.5,0.99,4.45,1007.15
달걀말이,100g,193.49,1.45,17.21,13.21,0.0,1.2,449.07
달걀장조림,100g,138.11,8.67,9.85,7.12,6.87,1.54,627.5
달걀찜(새우젓),200g,116.3,0.93,9.96,8.08,0.0,0.27,493.75
달걀찜(우유),200g,209.74,7.59,16.45,12.62,5.09,2.26,523.51
달걀프라이,60g,124.53,3.09,9.44,8.27,0.02,5.03,96.71
달래나물무침,150g,136.0,23.8,4.0,2.8,11.2,6.4,867.04
달래된장찌개,350g,122.7,13.32,11.12,2.77,1.42,5.55,1996.48
달래나물무침,60g,37.79,3.64,1.75,1.81,2.3,1.72,340.26
닭가슴살샌드위치,230g,551.65,48.21,28.02,27.41,7.1,5.43,1006.32
닭가슴살샐러드,150g,203.24,8.04,10.75,14.23,4.88,4.72,132.24
닭가슴살피망볶음,80g,97.58,1.1,13.11,4.52,0.23,2.09,392.22
닭갈비,400g,595.61,44.9,45.9,25.8,21.2,11.6,1535.83
닭강정,200g,450.09,45.04,23.68,19.47,7.95,1.35,1304.86
닭개장,700g,142.98,9.88,19.17,2.97,4.0,5.19,1168.18
닭고기냉채,240g,215.62,11.99,31.4,4.67,11.53,4.89,362.94
닭고기대파꼬치구이,170g,416.63,17.59,30.34,24.99,2.82,6.26,708.18
닭고기덮밥,410g,510.58,60.77,46.75,8.94,4.39,4.49,626.21
닭고추장조림,250g,379.87,33.13,22.79,17.36,5.09,8.27,724.24
닭곰탕,650g,330.4,13.01,48.8,9.24,1.93,4.58,1105.06
닭구이,340g,872.3,26.52,89.1,45.54,0.0,14.3,2553.09
닭꼬치,70g,176.72,13.35,11.56,8.57,3.15,2.07,286.91
닭날개튀김,200g,514.08,20.97,34.34,32.54,0.0,2.42,538.85
닭발구이,220g,431.43,21.34,39.92,20.71,0.68,6.58,1820.1
닭발볶음,200g,372.98,23.44,27.6,18.76,12.74,5.1,1948.37
닭볶음,300g,558.83,23.8,41.93,32.88,2.32,3.79,1013.89
닭볶음탕,300g,332.04,25.57,35.74,9.65,1.25,4.37,1129.49
닭조림,150g,294.79,9.86,27.05,16.35,0.75,3.45,705.01
닭죽,400g,177.46,28.57,10.7,2.27,0.0,0.32,467.19
닭찜,300g,320.01,1.8,37.1,18.27,0.0,2.42,673.07
닭칼국수,900g,663.0,94.7,42.2,12.8,5.3,9.8,2125.17
닭튀김,300g,903.0,48.8,65.2,49.7,1.5,4.5,1244.48
당근볶음,90g,85.13,7.01,0.84,5.97,4.05,2.71,194.28
대구매운탕,600g,361.75,16.84,57.36,7.21,1.09,8.84,1983.9
대구지리탕,600g,262.02,9.9,41.6,6.2,1.5,4.3,1476.25
대구찜,500g,376.42,24.7,51.7,7.9,5.7,8.7,1898.67
대구포,100g,140.84,2.33,31.97,0.4,0.0,1.18,3875.95
대합미역국,400g,44.84,2.24,4.93,1.8,0.05,3.36,927.64
더덕구이,100g,184.0,31.1,3.1,5.2,11.6,6.8,743.37
더덕무침,150g,216.0,43.4,4.3,2.8,20.2,7.1,1246.58
더덕장아찌,90g,127.28,26.01,4.02,0.8,13.84,5.09,1050.26
도가니탕,500g,198.17,4.1,41.76,1.63,0.0,6.73,751.98
도넛,70g,294.22,31.39,4.48,16.75,8.31,1.1,145.12
도라지나물무침,50g,65.04,6.56,1.24,3.76,0.45,2.44,205.51
도라지생채,160g,123.97,25.84,3.3,0.82,8.4,7.33,452.91
도라지오이생채,160g,76.02,10.14,2.65,2.76,11.01,4.45,388.86
도토리묵,100g,45.6,10.38,0.29,0.32,0.43,0.94,124.15
도토리묵 무침,200g,147.76,21.84,1.85,5.89,3.63,4.03,637.36
도토리묵말이,1300g,462.39,89.7,6.8,8.5,6.3,14.4,3206.03
돈까스김밥,320g,646.18,101.24,18.45,18.6,4.24,6.58,769.81
돌나물무침,50g,34.25,4.15,0.83,1.59,2.63,1.0,180.24
돌나물물김치,400g,19.78,3.0,1.25,0.31,1.4,1.79,949.46
돌솥비빔밥,380g,558.1,93.77,20.5,11.22,4.73,9.26,1281.83
동그랑땡,150g,309.2,12.68,19.62,20.0,0.98,3.65,553.09
동치미,200g,27.21,4.55,0.58,0.74,2.9,2.08,823.74
동태국,400g,66.87,5.61,9.66,0.64,0.0,3.91,895.7
동태전,150g,268.05,10.54,22.64,15.04,0.22,3.42,702.16
동태조림,250g,276.0,17.4,40.8,4.7,10.2,4.2,1391.69
동태찌개,200g,87.22,3.44,12.22,2.73,0.25,3.55,546.61
동태찜,500g,394.32,25.8,50.9,9.7,5.7,9.7,1985.6
돼지갈비구이,300g,881.09,10.43,84.72,55.61,14.43,4.63,2211.65
돼지갈비찜,300g,581.39,22.33,39.86,36.96,0.39,8.91,1432.59
돼지고기수육,300g,936.89,7.05,59.65,74.46,7.21,4.86,121.28
돼지고기김치볶음,230g,371.22,13.63,27.16,23.12,6.68,4.93,1173.54
돼지고기김치찌개,200g,90.91,2.07,8.49,5.41,0.09,3.05,413.53
돼지고기메추리알장조림,50g,63.49,3.37,8.34,1.85,1.27,0.53,582.99
돼지고기볶음,200g,350.67,18.21,22.96,20.67,8.2,3.02,1051.76
돼지고기산적,170g,339.25,2.64,49.41,14.56,0.1,8.69,995.79
돼지고기완자전,200g,277.36,13.01,29.56,11.9,5.12,7.84,1718.39
돼지고기장조림,100g,72.66,0.63,15.58,0.87,7.27,0.72,802.09
돼지고기찌개,300g,143.02,6.77,18.76,4.54,0.38,3.98,764.62
돼지고기채소볶음,230g,388.96,19.84,38.12,17.46,15.33,3.91,796.2
돼지곱창순대볶음,230g,299.11,42.59,16.64,6.91,7.52,7.92,495.64
돼지국밥,1200g,911.4,74.7,66.4,38.6,0.0,12.0,1096.58
돼지껍데기볶음,150g,352.0,24.5,25.8,16.7,5.5,3.0,779.81
돼지등갈비찜,450g,961.04,57.4,72.1,49.2,24.1,7.9,2395.17
돼지머리고기,200g,650.0,3.5,42.4,52.0,0.1,3.1,333.64
돼지머리국밥,900g,1233.32,143.42,60.34,46.47,1.46,6.06,1624.51
돼지불고기,200g,449.57,8.1,29.71,33.15,9.26,2.34,625.15
된장찌개,200g,91.91,8.87,6.76,3.26,0.0,3.18,635.98
두릅초고추장무침,90g,60.49,7.1,1.94,2.71,4.09,3.06,184.4
고추장찌개,500g,261.81,15.88,20.04,13.13,4.0,2.8,905.92
두부김치,250g,288.21,14.08,19.47,17.11,1.49,10.51,989.69
두부된장찌개,270g,110.23,6.9,8.78,5.28,2.66,2.36,1291.51
두부부침,100g,139.93,2.07,10.92,9.77,0.24,0.65,429.11
두부쇠고기고추장찌개,280g,162.34,18.85,12.77,3.98,0.48,5.21,546.92
두부애호박된장찌개,350g,189.41,20.07,17.61,4.3,6.04,5.67,688.66
두부전,150g,254.64,7.5,20.46,15.87,0.03,4.18,317.15
두부전골,500g,315.16,17.1,25.6,16.1,3.5,7.4,1650.77
두부조림,50g,71.55,2.2,4.82,4.83,1.82,0.4,80.66
들깨칼국수,600g,457.88,59.8,17.6,16.5,1.4,8.3,1192.57
돈가스,200g,623.83,38.49,32.99,37.54,3.66,1.96,574.08
등심스테이크,200g,388.0,0.28,60.44,16.13,0.0,2.41,268.07
땅콩조림,20g,96.52,3.99,3.75,7.28,1.97,2.05,114.74
떡갈비,200g,403.4,4.92,42.76,23.63,0.79,2.13,807.59
떡강정,200g,498.31,95.78,7.58,9.43,10.67,2.59,892.91
떡국,700g,588.01,114.57,24.01,3.74,0.57,5.85,1234.05
떡라면,550g,525.49,84.01,11.21,16.07,0.0,4.29,1483.48
떡만둣국,700g,624.92,110.71,20.06,11.32,0.16,8.56,1980.19
떡볶이,180g,260.02,46.72,6.31,5.32,7.92,1.88,703.12
라면,550g,450.91,75.08,9.48,12.52,0.0,5.5,1559.21
라볶이,200g,268.47,40.28,5.66,9.41,1.88,3.87,622.28
라조기,200g,398.99,26.23,20.66,23.49,0.15,2.83,648.52
런천미트구이,160g,484.35,5.23,28.09,39.01,2.73,3.71,1526.0
롤케이크,100g,311.94,44.01,7.36,11.83,24.64,1.44,142.89
류산슬덮밥,550g,574.99,73.95,26.96,19.04,0.42,10.18,1579.35
링도넛,100g,514.57,46.16,7.85,33.17,11.6,1.22,537.42
마늘빵,50g,219.12,28.97,6.03,8.79,3.68,2.14,259.74
마늘장아찌,230g,147.23,4.61,6.15,11.58,11.86,5.57,2811.42
마늘쫑무침,30g,31.92,3.83,0.82,1.48,2.24,1.78,93.82
마늘쫑볶음,140g,123.91,18.44,4.55,3.55,7.4,6.78,786.79
마늘쫑잔멸치볶음,50g,58.42,7.71,3.77,1.39,2.85,2.69,252.37
마늘쫑조림,100g,194.24,43.82,4.04,0.31,6.42,7.85,1191.03
마파두부,160g,174.33,8.58,11.67,10.37,3.92,3.5,563.45
막국수,600g,799.33,143.37,34.81,9.63,29.28,10.47,2427.15
만두,220g,397.27,39.79,19.05,17.99,0.0,8.31,800.92
만둣국,700g,434.05,47.83,21.43,17.44,3.05,32.12,2367.99
만쥬,70g,222.49,46.8,5.13,1.64,22.45,3.4,118.19
맑은감자국,700g,221.0,34.6,8.3,5.5,5.2,5.1,1712.29
맛살전,200g,329.53,39.37,14.95,12.47,2.27,1.91,1117.79
매생이국,500g,119.0,13.4,10.0,2.8,0.4,9.6,1420.3
매실장아찌,30g,72.88,17.43,0.5,0.13,11.45,1.17,337.86
매운갈비찜,300g,517.44,23.7,61.3,19.7,10.7,8.5,1138.51
매작과,30g,123.86,19.83,2.25,3.95,4.93,0.83,29.83
머위나물볶음,150g,108.0,7.6,3.5,7.0,1.8,5.3,718.63
머위대나물무침,50g,28.95,2.38,1.98,1.28,0.17,0.74,181.64
머핀,130g,499.29,76.89,7.45,17.99,51.55,1.44,534.61
멍게비빔밥,400g,547.21,90.7,16.6,13.1,16.7,7.7,1144.8
메기매운탕,600g,400.0,48.6,28.6,10.2,5.7,10.4,1859.96
메밀국수,350g,221.87,42.21,10.98,1.01,0.0,2.78,679.36
메밀묵국,400g,87.38,14.26,3.99,1.59,1.12,3.08,953.71
메밀전,180g,289.81,62.63,7.23,1.15,0.54,5.31,261.22
메밀전병,100g,167.83,21.62,6.18,6.29,0.62,3.53,345.8
메추리알 장조림,100g,202.86,6.3,14.25,13.41,3.48,0.76,754.51
멸치견과류볶음,50g,206.95,9.18,15.2,12.16,7.01,4.92,913.86
멸치마늘쫑볶음,50g,138.41,6.21,16.2,5.42,2.13,4.35,1250.51
멸치볶음,50g,138.0,6.81,19.72,3.54,5.8,5.06,1303.05
멸치조림,100g,318.37,8.93,40.92,13.22,7.35,12.12,3162.58
멸치주먹밥,150g,312.0,54.3,9.0,6.6,0.9,3.4,496.21
멸치풋고추볶음,50g,94.83,6.65,10.31,3.0,4.51,2.41,672.44
모닝빵,70g,219.52,36.52,6.65,5.2,5.58,1.68,342.38
찰떡,100g,218.16,42.27,6.78,2.44,2.98,3.77,187.83
모듬회덮밥,410g,593.54,72.8,37.32,17.01,12.57,5.02,634.31
모래집튀김,150g,468.37,29.1,28.1,26.6,1.8,2.0,322.44
모카빵,150g,507.78,86.94,12.82,12.08,18.79,5.47,531.15
무나물무침,50g,10.56,1.82,0.31,0.23,1.65,0.82,176.09
무된장국,450g,104.0,14.7,6.1,2.4,5.9,5.9,1741.46
무말랭이무침,20g,24.17,4.5,0.84,0.31,0.82,1.82,90.02
무밥,200g,266.19,56.34,7.33,1.28,0.0,2.94,554.22
무생채,150g,73.54,10.99,3.64,1.67,2.67,7.34,1232.22
무시래기된장국,400g,61.11,8.11,5.22,0.86,0.0,7.79,779.28
무장아찌,30g,23.92,5.03,0.44,0.23,2.88,0.73,879.81
무조림,150g,71.44,6.43,3.39,3.57,5.81,3.14,1168.66
무지개떡,100g,228.97,53.01,3.53,0.31,8.99,0.21,276.82
무짠지,50g,5.63,0.99,0.27,0.06,0.79,1.28,1190.97
묵밥,950g,642.16,128.6,14.8,7.7,15.1,9.1,2075.5
묵은지삼겹살볶음,200g,302.03,16.79,11.52,20.98,7.23,6.42,1207.11
문어고추장볶음,200g,175.01,17.23,21.93,2.04,10.88,2.84,974.4
문어초밥,250g,392.23,81.78,14.61,0.74,13.38,2.83,1200.86
물냉면,700g,383.98,72.15,13.75,4.49,31.63,2.24,1128.25
물만두,230g,448.16,35.9,18.53,25.6,4.89,7.07,763.59
물회,700g,529.36,55.3,34.4,18.9,20.0,15.1,2095.9
미꾸라지튀김,100g,387.49,28.85,10.89,25.39,0.3,3.46,324.47
미나리나물,50g,29.53,2.24,1.02,1.83,0.0,1.77,150.33
미나리무침,90g,41.52,4.87,1.18,1.92,2.02,2.8,688.44
미나리전,150g,226.41,34.23,5.24,7.62,1.74,3.75,248.7
미소된장국,150g,38.0,2.8,2.8,1.8,0.7,0.8,517.03
미숫가루,300g,211.16,31.25,6.24,6.8,0.0,6.49,71.71
미역국,400g,46.36,3.49,2.58,2.45,1.08,1.7,670.7
미역냉국,350g,128.81,26.28,0.66,2.34,15.7,1.3,518.61
미역된장국,400g,96.16,9.1,6.25,3.86,2.43,10.8,1219.4
미역오이냉국,350g,21.8,2.98,1.31,0.52,2.42,2.52,1144.4
미역줄기볶음,80g,61.43,3.88,0.77,4.76,0.44,3.4,404.01
미역초무침,50g,17.49,2.62,0.59,0.51,0.65,1.97,225.9
미역튀각,50g,221.3,10.57,6.62,16.95,5.68,15.57,2611.54
미트볼 토마토 스파게티,500g,898.82,88.08,36.7,44.41,4.45,13.67,1089.14
미트볼조림,150g,331.41,19.42,27.23,16.09,15.78,4.39,472.37
민들레잎무침,90g,72.9,11.09,2.42,2.1,7.34,4.54,222.88
바지락조개국,550g,157.0,10.1,22.0,3.1,1.3,8.0,1596.17
바지락칼국수,700g,576.77,111.81,24.04,3.71,1.23,1.98,1901.92
방풍나물무침,80g,60.76,8.59,3.51,1.38,2.33,5.33,213.93
배추겉절이,50g,27.32,3.29,1.14,1.07,0.65,1.77,163.82
배추김치,40g,10.66,1.27,0.68,0.31,0.95,0.85,123.03
배추나물무침,80g,49.19,6.76,1.61,1.75,4.99,2.17,220.67
배추된장국,400g,79.08,10.33,5.85,1.6,0.0,2.56,890.79
배추전,150g,240.75,35.52,5.17,8.67,5.02,4.51,326.83
백김치,90g,16.56,2.06,0.92,0.51,0.7,1.01,402.65
백설기,100g,229.5,50.4,3.71,1.45,0.11,1.97,210.9
백합죽,700g,455.28,84.7,16.5,5.6,0.0,3.2,996.8
밴댕이무침,400g,600.01,46.0,29.8,33.0,27.0,16.4,1027.23
뱅어포구이,70g,262.0,17.55,24.06,10.62,11.14,5.3,1035.38
버섯구이,80g,41.71,3.82,4.13,1.1,0.09,2.91,393.24
버섯샤브샤브,350g,104.64,5.49,13.57,3.16,1.84,4.71,177.59
버섯전,150g,240.69,16.19,10.52,14.87,2.74,5.4,313.76
버섯전골,300g,233.68,14.34,15.43,12.73,3.54,8.62,439.29
버섯조림,150g,90.66,9.34,6.57,3.0,2.92,6.04,452.58
버섯찌개,400g,167.56,15.4,14.7,5.2,4.4,7.9,1293.87
버터크림빵,60g,229.96,27.74,4.91,11.04,7.19,1.58,191.18
베이글,120g,367.64,64.18,12.0,6.99,5.5,3.27,834.26
병어조림,100g,112.38,4.87,12.46,4.78,0.22,0.9,842.21
보리밥,200g,321.63,73.54,5.8,0.48,5.14,4.87,7.85
보쌈김치,90g,27.21,3.36,1.97,0.65,1.52,2.09,595.04
지리탕,600g,232.05,10.3,41.7,2.7,1.4,5.3,1349.98
볶음밥,350g,640.48,118.88,19.47,9.67,0.0,5.79,743.58
볶음우동,300g,385.41,74.36,8.41,6.04,1.28,6.03,770.91
부대찌개,600g,399.5,39.7,18.4,18.6,6.2,9.1,2321.9
부추김치,50g,23.33,3.18,1.34,0.58,2.04,1.88,380.66
부추무침,100g,92.3,6.25,3.5,5.92,3.06,5.58,666.27
부추전,150g,251.22,41.79,6.95,6.25,12.42,4.28,370.09
북어조림,100g,181.86,17.14,20.83,3.33,8.2,2.07,765.95
북어찜,150g,235.0,18.0,28.1,5.7,6.4,3.0,900.98
북어채무침,150g,282.02,18.07,42.6,4.37,8.38,6.65,1133.9
북엇국,400g,111.03,3.36,15.56,3.93,0.46,4.2,929.98
불고기,150g,395.29,7.8,34.4,25.2,7.9,1.2,560.71
불고기덮밥,400g,728.18,107.84,26.39,21.25,0.28,11.03,1011.43
불고기버거,200g,499.77,45.35,27.76,23.04,0.26,7.29,676.85
불고기피자,200g,505.0,61.2,27.4,16.7,9.2,4.9,916.87
붕어찜,1100g,835.6,71.6,54.3,36.9,16.2,43.4,3952.03
붕장어소금구이,100g,296.54,11.6,26.0,16.2,0.4,1.0,124.75
브로콜리볶음,90g,46.14,4.98,3.98,1.15,1.28,4.09,84.88
비름나물무침,80g,58.48,4.56,2.77,3.24,0.69,3.01,267.73
비빔국수,500g,512.46,102.36,15.06,4.75,20.53,6.87,1193.79
비빔냉면,500g,499.16,66.74,28.33,13.21,20.1,7.36,887.31
비빔밥,450g,691.62,98.7,24.6,22.0,18.3,10.9,1119.66
뼈다귀해장국,1000g,714.0,23.4,74.6,35.7,5.7,17.0,3088.21
뼈해장국,800g,206.01,8.46,25.55,7.77,5.07,2.65,2764.62
사골국,400g,220.99,11.24,22.25,9.67,0.0,3.35,298.77
사골만두국,700g,606.93,62.6,26.19,27.97,0.44,7.75,2333.21
사과파이,100g,184.65,34.83,2.54,3.91,7.11,2.33,204.49
산자,30g,109.71,24.65,0.69,0.93,9.4,0.14,6.86
삼겹살고추장구이,200g,805.66,25.25,28.42,65.66,11.45,8.14,1020.67
삼겹살구이,200g,933.52,0.69,45.11,83.37,0.0,1.45,1152.79
삼계탕,900g,911.39,34.57,96.09,43.19,4.03,14.44,736.67
삼선볶음밥,400g,686.11,85.75,26.24,26.46,1.58,9.35,1213.56
삼선우동,1000g,691.66,105.9,47.94,8.48,0.8,8.47,2722.32
삼선짜장면,700g,803.9,126.53,33.64,18.14,10.15,10.81,2628.24
삼선짬뽕,900g,662.37,101.73,39.63,10.77,1.09,7.69,2689.13
삼치구이,200g,355.16,2.89,42.83,19.14,0.43,2.78,434.32
삼치조림,100g,124.64,2.61,15.88,5.63,2.03,1.59,441.01
상추겉절이,100g,61.14,5.26,2.36,3.41,2.98,3.39,431.14
새송이버섯구이,80g,66.92,9.33,3.43,1.77,3.63,4.59,370.78
새송이버섯볶음,120g,145.44,11.15,3.54,9.63,4.5,4.89,408.74
새싹채소샐러드,100g,74.21,4.96,2.77,4.81,2.26,1.52,155.58
새우구이,180g,260.76,5.07,42.13,7.99,0.06,3.76,593.55
새우미역국,400g,63.22,7.31,4.35,1.84,0.0,2.98,20.5
새우볶음,200g,166.66,11.91,19.81,4.42,7.97,2.2,652.19
새우볶음밥,370g,635.75,84.54,23.33,22.7,2.63,5.97,538.64
새우젓두부찌개,300g,166.0,7.2,16.2,8.1,1.7,6.1,1123.08
새우초밥,250g,387.67,78.42,16.8,0.75,11.65,2.07,1110.29
새우탕,500g,163.1,10.0,25.84,2.19,0.3,6.88,1340.99
새우탕수육,200g,232.79,26.03,13.29,8.39,12.87,4.19,984.54
새우튀김,150g,430.34,28.44,25.52,23.84,0.13,3.14,728.56
새우튀김롤,300g,606.5,96.28,14.47,18.17,11.14,7.59,1391.43
샐러드김밥,250g,405.95,61.45,9.62,13.52,3.42,3.15,911.18
생선까스,200g,653.44,46.56,24.33,41.1,1.96,3.84,788.62
생선모듬초밥,380g,607.45,101.52,36.71,6.06,5.32,7.46,540.96
생선물회,800g,577.97,82.5,34.3,12.3,52.0,11.2,2779.74
광어초밥,300g,453.78,77.55,27.07,3.92,7.7,2.55,808.75
모듬생선초밥,300g,461.97,76.43,25.42,6.06,8.65,2.32,968.94
생크림케이크,100g,237.09,27.62,3.45,12.54,14.49,1.08,151.11
서대회무침,300g,315.21,45.9,22.6,4.6,22.3,8.5,1198.9
선지해장국,600g,173.84,7.39,23.18,5.73,0.0,2.5,1874.43
설렁탕,500g,118.37,1.8,21.3,2.88,0.0,4.94,109.78
소갈비찜,250g,494.6,13.14,49.86,26.96,4.32,0.95,753.63
소고기국밥,700g,330.53,42.6,21.8,8.1,2.8,7.9,1786.31
소고기김밥,250g,400.61,62.52,15.98,9.63,0.84,4.47,1061.19
소고기메추리알장조림,50g,60.65,2.88,8.14,1.84,0.71,0.58,602.12
소고기무국,400g,123.0,7.8,14.2,4.0,3.5,3.1,1067.02
소고기버섯죽,800g,578.28,109.03,18.75,7.47,0.26,2.96,1261.8
소고기산적,200g,453.07,7.33,48.41,25.57,0.0,3.04,1392.83
소고기샤브샤브,600g,263.75,14.7,29.1,9.8,2.4,9.6,1122.4
곱창전골,600g,529.0,29.2,41.6,27.3,2.3,13.2,1779.63
소라산적,80g,120.1,6.45,17.92,2.51,0.85,0.44,396.68
소보로빵,70g,274.19,38.94,5.79,10.59,11.68,2.06,277.44
소세지볶음,200g,471.0,31.8,18.8,29.9,8.9,2.8,1436.06
소시지튀김,200g,707.98,8.01,28.13,62.6,1.54,2.39,1879.0
소양념갈비구이,300g,989.15,26.2,60.1,71.6,13.9,7.5,1378.45
소탕,150g,86.37,1.9,7.66,5.35,0.03,1.79,353.59
송이덮밥,600g,581.81,95.6,18.21,14.06,2.27,13.7,1678.01
송편(깨),100g,224.15,44.96,4.92,2.74,1.15,4.82,231.82
송편(콩),100g,194.33,41.66,5.24,0.75,1.26,4.78,233.5
다식,30g,110.83,22.19,2.49,1.34,8.0,2.63,4.04
쇠갈비구이,300g,722.95,4.76,77.73,43.66,0.78,5.35,1204.66
쇠갈비찜,300g,256.01,20.85,21.75,9.51,2.24,5.9,816.9
소고기고추장볶음,220g,434.08,23.55,31.59,23.73,21.33,19.34,1218.57
소고기된장찌개,300g,163.93,10.51,17.12,5.93,2.15,5.27,890.4
소고기미역국,400g,52.03,3.28,7.42,1.03,2.08,2.55,782.02
소고기배춧국,400g,62.29,4.57,7.34,1.63,0.0,1.83,990.69
소고기버섯볶음,230g,330.36,15.91,26.66,17.79,6.55,11.55,848.07
소고기볶음,190g,543.39,5.4,33.24,43.2,8.16,2.5,562.62
소고기볶음밥,260g,456.99,56.58,19.74,16.86,0.22,5.39,560.18
소고기사태찜,300g,328.77,11.0,36.3,15.51,0.4,4.82,905.34
소고기수육,300g,498.92,6.11,85.29,14.81,0.33,13.97,91.81
소고기완자전,200g,323.34,9.35,37.46,15.12,0.4,8.04,762.9
소고기장조림,100g,68.76,4.84,10.41,0.86,1.0,0.75,543.47
소고기전골,300g,187.56,1.37,23.66,9.71,0.14,1.37,895.64
소고기주먹밥,200g,355.16,69.45,9.52,4.36,0.45,3.0,713.2
소고기죽,400g,244.09,50.44,8.62,0.87,0.0,0.27,1063.88
소고기채소볶음,230g,288.81,14.81,29.44,12.42,10.41,11.08,619.78
소곱창구이,150g,275.96,7.07,22.33,17.59,1.67,3.19,1971.87
소머리국밥,1000g,239.21,27.04,15.83,7.53,0.0,6.2,1392.24
소불고기,200g,339.22,8.51,32.82,19.32,6.48,7.07,835.81
수수밥,200g,321.89,70.04,6.31,1.83,0.15,2.28,2.55
수수부꾸미,100g,247.89,42.1,5.73,6.29,0.24,7.95,261.0
수수팥떡,100g,204.24,43.03,6.7,0.59,2.82,8.64,241.93
수정과,150g,133.0,20.34,0.6,5.47,20.69,1.85,9.72
수제비,650g,378.28,72.04,14.99,3.35,0.0,6.96,925.17
숙주나물무침,50g,17.5,1.48,1.11,0.79,0.79,0.84,201.52
순대,300g,542.42,58.36,19.56,25.64,3.5,12.59,1019.19
순대국밥,900g,673.09,93.46,28.56,20.56,1.51,11.33,1137.58
순대볶음,400g,582.0,76.7,20.7,21.3,5.4,10.7,1500.35
순댓국,600g,509.46,89.71,14.1,10.47,1.58,12.36,1981.58
순두부김치찌개,200g,69.65,4.34,5.95,3.17,0.64,1.96,302.02
순두부달걀탕,350g,102.39,3.29,6.23,7.14,0.0,2.8,354.96
순두부찌개,200g,85.54,2.61,9.06,4.32,1.19,2.1,426.64
숯불갈비 삼각김밥,100g,161.24,32.55,4.0,1.67,0.16,1.27,358.36
스크램블드에그,110g,237.34,2.82,12.99,19.35,0.49,5.11,406.39
시금치나물무침,50g,34.28,1.68,1.87,2.23,0.05,0.99,68.12
시금치된장국,400g,37.98,3.91,4.07,0.67,0.44,1.77,495.32
시래기나물무침,50g,56.84,3.87,2.16,3.64,0.27,3.37,257.08
시래기된장국,450g,99.0,11.0,6.7,3.1,1.3,6.0,1523.66
시루떡,100g,217.48,47.54,5.47,0.61,3.22,4.4,277.91
식빵,100g,264.36,50.91,9.34,2.6,1.56,3.47,468.43
식빵토스트,100g,365.67,51.47,8.78,13.85,4.5,2.53,532.65
식혜,150g,130.14,24.32,2.3,2.63,17.04,0.38,3.38
쌀국수,600g,320.32,55.1,15.6,4.2,4.3,1.6,1651.58
쑥갓나물무침,150g,96.0,6.6,4.5,5.7,0.3,5.8,709.99
쑥된장국,400g,60.64,6.08,4.88,1.87,2.92,3.07,970.74
쑥떡,100g,248.63,57.89,3.36,0.4,10.72,2.45,254.32
쑥절편,100g,192.12,34.87,7.72,2.42,0.25,1.96,192.27
씀바귀나물무침,90g,87.63,14.91,3.48,1.56,1.15,4.67,183.66
아구탕,600g,246.07,12.8,37.8,4.9,1.8,6.4,1863.34
아귀찜,200g,168.18,14.52,13.44,6.26,5.46,6.12,783.1
아욱된장국,400g,81.83,6.34,9.1,2.23,0.44,4.6,944.34
찜닭,1500g,1364.21,139.5,114.2,38.8,66.8,29.7,5462.32
안심돈가스,200g,651.75,34.25,33.28,42.4,2.77,2.43,551.55
안심스테이크,200g,366.42,0.25,69.63,9.65,0.0,3.75,205.42
알밥,330g,422.13,51.99,15.61,16.86,7.6,11.55,1418.08
알탕,520g,203.13,9.06,33.11,3.83,0.0,8.24,1301.49
애호박된장국,400g,122.91,5.62,13.35,5.23,1.97,3.64,1806.32
애호박볶음,50g,29.52,2.65,0.66,1.81,0.21,1.21,223.39
애호박전,150g,182.9,10.1,6.53,12.93,3.48,3.22,335.53
애호박찜,100g,181.05,21.18,9.5,6.48,1.81,2.2,161.25
야채전,100g,194.0,21.6,5.4,9.5,2.4,3.1,321.52
약과,30g,119.73,25.47,1.26,1.43,5.07,1.6,17.19
약식,100g,219.87,45.24,4.21,2.45,13.24,2.63,221.18
약초비빔밥,400g,511.8,80.2,11.9,15.9,2.9,10.8,971.61
양념갈치젓,90g,134.0,9.25,13.98,4.57,4.42,6.08,4520.65
양념게장,200g,193.49,25.21,20.45,1.21,17.53,9.41,1608.01
양념멸치젓,5g,4.51,0.37,0.57,0.08,0.03,0.13,333.35
양념새우젓,10g,6.89,0.6,0.71,0.18,0.05,0.19,740.2
양념왕갈비,150g,480.81,13.7,27.1,35.3,6.8,1.4,548.76
양념장어구이,150g,433.35,8.8,30.77,30.56,4.18,1.31,704.64
양념치킨,200g,552.0,42.3,35.5,26.8,12.5,2.1,805.49
양미리조림,100g,65.31,9.09,5.76,0.66,2.2,2.79,710.57
양배추샐러드,150g,225.1,12.7,4.03,17.57,11.92,3.89,144.95
양상추샐러드,150g,188.98,5.13,7.36,15.45,2.37,3.75,236.63
양송이버섯볶음,150g,136.0,11.0,4.5,8.3,1.2,4.7,515.17
양송이스프,100g,105.29,8.06,2.41,7.04,2.52,1.6,169.54
양장피,220g,291.79,24.1,16.05,14.58,0.96,4.1,1090.25
양파볶음,80g,44.67,7.61,0.79,1.23,7.32,1.27,219.4
양파부추무침,100g,44.19,6.81,1.83,1.07,5.79,2.08,326.14
양파장아찌,50g,40.18,7.89,1.31,0.38,8.96,0.64,534.21
어묵국,350g,106.95,13.41,5.2,3.61,0.25,1.57,790.85
어묵김치찌개,260g,98.44,16.4,4.74,1.54,4.15,3.31,664.58
어묵볶음,140g,275.24,34.06,11.78,10.21,8.84,3.49,1144.7
어묵잡채,280g,414.12,73.15,6.55,10.59,4.2,4.65,1201.2
어묵조림,200g,317.02,46.32,11.65,9.46,4.85,5.74,856.48
어묵채소볶음,90g,136.68,15.48,5.7,5.77,1.13,1.97,568.9
어죽,800g,552.06,100.8,20.4,7.5,9.8,8.9,2105.53
어탕,150g,85.87,1.82,12.7,3.09,0.0,1.02,485.08
얼갈이배추김치,80g,50.46,8.75,1.27,1.16,0.3,1.35,196.87
얼갈이배춧국,400g,36.23,3.41,2.0,1.62,0.22,2.04,778.53
연근조림,50g,87.19,14.71,1.34,2.55,1.39,1.3,330.58
연어롤,300g,510.19,74.32,18.57,15.4,8.47,9.04,1211.9
연어초밥,250g,447.32,71.04,18.88,9.74,12.88,4.03,1064.38
연포탕,1000g,541.64,20.19,94.9,9.03,0.23,14.39,2337.46
열무겉절이,100g,57.55,5.38,2.4,2.94,2.26,2.95,890.88
열무김치,40g,10.71,0.86,0.72,0.49,0.17,0.88,194.47
열무김치국수,800g,431.0,69.6,15.0,10.2,18.6,9.2,3007.45
열무나물무침,90g,74.13,4.28,3.52,4.77,0.54,3.58,413.89
열무냉면,800g,525.49,97.52,20.84,5.78,27.15,40.72,3152.37
열무된장나물무침,90g,61.23,3.68,3.34,3.68,0.66,3.64,340.95
열무얼갈이김치,50g,17.68,2.61,1.07,0.33,0.46,1.57,339.9
돌솥밥,350g,643.16,126.22,12.02,10.03,2.22,7.46,21.94
오곡밥,250g,388.82,82.32,11.95,1.3,0.17,6.3,113.9
오리고기구이,200g,586.08,9.77,48.12,39.39,0.0,4.32,1416.66
오리고기죽,400g,618.71,79.8,30.0,19.94,0.0,6.9,248.38
오리백숙,300g,335.72,1.51,31.78,22.5,0.75,3.32,482.75
오리불고기,250g,361.52,22.62,16.87,22.62,15.73,9.09,1168.55
오리탕,600g,728.09,36.46,56.99,39.37,21.45,14.71,1903.56
오므라이스,400g,692.71,82.14,25.98,28.91,12.76,9.63,1730.11
오삼불고기,200g,363.0,20.5,25.6,19.9,7.6,4.1,885.09
오이김치,70g,26.54,3.95,1.44,0.56,1.66,2.25,326.04
오이나물무침,80g,66.15,0.37,1.46,6.53,1.79,1.66,504.59
오이냉국,350g,38.17,2.67,1.47,2.4,3.11,1.18,989.64
오이부추무침,100g,31.32,5.01,1.95,0.39,4.15,2.48,1069.5
오이생채,50g,34.53,4.48,0.89,1.45,4.02,0.84,236.93
오이소박이,100g,32.38,4.43,1.73,0.86,3.4,1.94,541.03
오이장아찌,50g,7.11,1.27,0.18,0.14,0.52,1.17,370.08
오이지,50g,10.34,1.42,0.37,0.36,0.0,1.25,1024.89
오이지무침,100g,52.32,4.21,0.96,3.51,2.78,3.58,1615.24
오일소스스파게티,400g,646.74,89.42,19.56,23.43,1.41,11.13,1124.33
오징어국,500g,91.91,3.63,11.1,3.67,1.2,1.25,1286.69
오징어덮밥,360g,484.59,79.0,25.85,7.24,2.37,9.47,582.23
오징어무침,200g,254.31,13.04,39.45,4.93,13.15,9.35,652.52
오징어물회,700g,339.79,22.81,43.3,8.37,14.72,10.76,2551.48
오징어볶음,200g,255.56,14.86,19.69,13.04,3.85,7.9,619.61
오징어산적,80g,101.71,3.6,17.37,1.98,0.92,0.91,477.11
오징어순대,350g,466.86,58.3,45.7,5.6,0.4,4.4,1258.71
오징어젓갈,10g,6.03,0.34,1.01,0.07,0.24,0.16,215.05
오징어조림,150g,206.02,18.68,24.82,3.56,10.28,4.34,2203.44
오징어찌개,250g,85.47,11.92,8.24,0.54,1.13,3.37,711.5
오징어채무침,80g,206.14,22.73,18.88,4.42,14.97,5.35,1442.6
오징어채볶음,20g,59.52,4.07,4.09,2.99,4.92,1.53,263.9
오징어채소무침,240g,149.09,18.23,14.04,2.23,13.3,5.6,389.74
오징어채조림,50g,119.8,12.68,11.76,2.45,6.89,2.91,564.87
오징어튀김,150g,505.71,33.65,18.56,32.99,0.5,3.4,504.99
옥수수샐러드,160g,265.65,20.28,3.13,19.11,9.61,4.23,772.33
올갱이국,600g,144.26,13.0,13.7,4.2,1.6,5.9,2017.16
올갱이국수,1500g,566.0,111.6,11.2,8.3,18.6,22.2,3862.84
완두콩밥,200g,276.32,62.49,5.89,0.31,0.0,3.81,590.06
우거지곰탕,350g,88.55,9.11,8.29,2.1,1.17,3.69,786.04
우거지된장국,400g,78.61,3.29,11.08,2.35,2.5,3.2,1163.09
우거지해장국,600g,154.38,13.5,11.9,5.9,2.5,8.5,2049.59
일식우동,700g,421.51,74.2,13.39,7.91,2.48,20.21,2390.32
중식우동,1000g,648.47,85.37,29.45,21.02,1.1,22.17,3395.86
우럭매운탕,600g,406.82,11.24,52.15,17.03,1.08,7.93,1773.88
우렁된장국,500g,245.0,19.2,24.6,7.7,3.6,8.1,2134.21
우엉조림,30g,56.54,10.44,1.44,1.0,8.53,1.73,352.17
울면,1000g,728.86,128.18,37.46,7.37,0.5,7.59,2799.92
월남쌈,250g,293.84,30.63,14.86,12.43,13.74,4.62,574.48
유과,30g,127.09,22.27,0.84,3.85,7.24,0.34,6.84
유부초밥,200g,388.54,59.63,11.56,11.53,3.97,5.22,771.26
유산슬,220g,189.43,9.01,16.58,9.68,4.73,4.0,463.88
유채나물무침,90g,86.24,7.04,5.22,4.14,1.78,4.25,1151.4
육개장,440g,130.33,6.54,16.21,4.37,3.33,5.25,884.24
육회,150g,195.06,12.18,14.9,9.64,7.93,9.87,627.01
육회비빔밥,300g,442.29,68.76,19.16,10.07,13.36,7.75,1337.23
인절미,100g,242.26,50.07,5.64,2.16,6.35,2.89,296.82
일본된장국,200g,20.6,0.45,1.42,1.46,0.51,0.78,487.54
일본매실장아찌,30g,19.52,3.31,0.38,0.53,2.36,1.03,1118.28
임연수구이,250g,494.0,3.5,53.8,29.4,0.0,1.0,1568.96
멸치견과류볶음,50g,193.96,11.32,12.17,11.11,7.27,5.52,876.32
멸치고추볶음,50g,114.05,2.86,16.64,4.0,1.88,3.27,1030.52
멸치꽈리고추볶음,50g,146.65,4.62,12.39,8.74,2.92,3.24,633.08
멸치볶음,50g,170.46,4.81,21.82,7.1,6.54,3.23,1395.79
멸치풋고추볶음,50g,127.82,8.47,14.12,4.16,5.31,4.16,1035.08
잔치국수,700g,310.2,56.34,13.53,3.41,0.3,5.48,1514.59
잡곡밥,200g,292.6,58.65,10.59,1.74,0.64,12.19,5.29
잡채,200g,291.15,48.52,9.41,6.6,1.45,7.35,719.68
잡채밥,550g,825.15,141.85,22.11,18.81,0.3,16.73,1247.22
잡탕밥,750g,777.44,104.94,44.12,20.13,0.48,13.75,2109.52
잣죽,700g,874.48,155.28,19.18,19.63,2.36,5.43,878.81
장어고추장구이,100g,258.89,6.18,19.82,17.21,0.44,1.99,321.94
장어덮밥,400g,716.54,97.35,30.09,22.98,5.59,10.31,920.77
장어초밥,250g,486.26,80.68,16.52,10.83,13.67,3.23,1270.91
장어탕,800g,536.94,29.4,34.53,31.25,21.26,8.71,3097.2
재첩국,350g,81.91,15.9,2.33,1.0,0.0,0.28,442.44
쟁반국수,450g,535.45,57.66,30.05,20.51,36.53,20.21,2309.21
전복죽,400g,317.19,38.49,7.27,14.9,0.0,6.22,631.68
전복탕,600g,196.85,15.8,26.8,3.0,1.3,6.0,1774.4
절편,100g,192.89,43.94,3.64,0.28,0.07,0.43,265.87
제육덮밥,470g,949.76,79.22,44.3,50.63,9.3,6.66,819.84
제육볶음,250g,487.98,11.82,30.37,35.47,0.94,8.94,1251.93
조개된장찌개,300g,68.12,3.53,8.63,2.16,1.68,3.39,1219.47
조갯국,400g,62.72,0.99,6.67,3.57,0.71,2.2,1188.5
조기구이,180g,318.2,0.79,34.8,19.54,0.0,0.75,2456.07
조기매운탕,600g,384.38,17.3,35.1,19.4,4.3,12.2,2272.92
조기조림,300g,384.0,12.8,41.1,18.8,4.5,6.5,1771.22
조기찜,100g,182.12,1.64,20.06,10.59,0.0,0.39,602.03
조미김,5g,23.5,1.45,1.02,1.51,0.01,1.2,200.55
족발,250g,582.68,2.32,65.09,34.78,0.0,5.66,861.47
쭈꾸미볶음,200g,211.41,22.82,18.33,5.2,5.06,4.65,918.86
죽순쇠고기볶음,230g,276.31,8.69,31.46,12.86,4.77,14.47,492.5
쥐치채,20g,55.92,10.89,2.75,0.15,4.55,0.55,296.34
쥐포구이,70g,238.58,37.42,21.67,0.25,23.15,2.56,1473.69
쥐포조림,100g,276.3,36.12,13.03,8.86,23.37,4.74,1264.75
쥐포튀김,100g,356.91,42.5,9.62,16.49,7.96,1.38,717.02
증편,100g,200.1,44.15,3.17,1.2,3.19,1.03,283.95
짜장면,600g,529.18,86.22,16.15,13.3,36.43,8.17,1843.68
짜장밥,470g,572.62,73.17,20.08,22.18,0.16,9.77,1109.91
짬뽕,800g,464.46,66.06,22.3,12.34,12.52,12.75,1446.06
짬뽕라면,750g,689.0,92.0,21.3,26.3,1.6,8.6,2493.81
짬뽕밥,900g,647.7,104.86,28.81,12.56,12.04,12.73,2105.68
짱뚱어탕,600g,188.77,16.6,11.5,8.5,2.4,8.4,2050.9
쫄면,550g,706.96,127.91,17.68,13.84,19.32,8.6,1377.01
찐감자,200g,140.18,30.02,4.32,0.31,1.71,3.36,6.75
찐고구마,200g,277.31,64.94,3.34,0.47,32.64,5.8,19.46
찐빵,250g,532.43,119.43,12.98,0.31,27.6,9.46,585.27
찐옥수수,200g,370.54,68.39,13.36,4.84,4.72,11.31,179.23
차조밥,200g,313.24,69.71,5.67,1.3,0.07,3.64,2.81
찰밥,280g,429.7,93.97,12.3,0.51,1.37,8.11,9.35
참깨경단,100g,239.92,38.58,6.28,6.72,0.61,4.57,202.87
참꼬막,80g,90.79,4.59,12.47,2.5,0.0,1.74,234.16
참나물무침,90g,53.85,3.73,2.26,3.32,0.6,3.31,196.57
참치 김치볶음,100g,121.88,7.12,8.33,6.68,1.83,2.97,479.74
참치 샌드위치,250g,505.3,34.45,26.34,29.13,3.46,4.36,522.16
참치김밥,250g,435.04,50.65,17.5,18.05,1.77,4.51,837.43
참치김치찌개,300g,154.06,8.7,10.76,8.47,0.45,4.91,793.0
참치덮밥,500g,679.1,102.93,29.2,16.73,2.98,7.98,1618.74
참치마요삼각김밥,200g,398.7,50.89,11.86,16.41,0.0,5.64,460.22
참치머리구이,180g,346.8,2.52,47.81,16.16,0.0,11.41,825.88
참치볶음밥,230g,412.97,75.68,10.63,7.52,0.27,3.7,1450.92
참치샌드위치,250g,555.0,36.5,23.3,35.1,10.1,5.3,915.59
참치샐러드,150g,226.74,11.28,16.23,12.97,10.36,3.78,448.96
참치완자전,200g,345.27,27.13,29.99,12.98,7.37,5.3,1133.0
참치죽,800g,659.6,104.57,24.19,16.06,1.36,5.36,1342.4
찹쌀도넛,70g,201.62,38.89,4.2,3.25,7.73,2.72,218.53
찹쌀도우넛,70g,207.05,39.95,3.53,3.68,12.13,2.05,242.99
찹쌀떡,100g,276.87,65.61,3.26,0.15,17.54,1.41,225.61
채소고로케,100g,300.65,31.19,7.13,16.38,3.37,1.11,403.33
채소김밥,280g,442.09,74.61,12.89,10.23,0.4,9.62,865.01
채소떡볶이,200g,515.29,114.11,6.24,3.76,3.94,2.53,537.97
채소볶음밥,260g,474.03,74.73,12.26,14.01,0.76,6.07,1060.34
채소샌드위치,180g,439.87,42.88,7.35,26.55,25.66,4.49,766.41
채소샐러드,160g,232.33,8.16,1.86,21.36,7.55,2.74,118.32
채소전,100g,145.11,22.59,3.57,4.5,2.06,2.77,258.77
채소죽,400g,173.76,30.47,6.75,2.76,0.69,6.08,894.77
채소튀김,100g,404.63,36.83,3.25,27.14,6.37,3.02,277.85
청국장찌개,200g,93.59,3.84,10.06,4.22,0.0,3.45,484.88
청포묵무침,250g,149.0,22.7,2.9,5.2,1.8,4.0,724.02
초당순두부,900g,522.69,15.8,49.1,29.2,0.9,10.5,1203.36
초코 소라빵,70g,222.99,36.23,2.3,7.65,6.5,1.5,150.4
초콜릿케이크,100g,420.24,43.6,5.31,24.96,23.13,2.43,170.0
총각김치,70g,22.89,3.57,0.98,0.52,1.34,1.83,332.0
추어탕,1000g,316.72,26.8,22.7,13.2,0.0,18.5,2635.78
추어탕,350g,188.33,10.74,11.33,11.12,0.0,7.72,861.28
충무김밥,400g,583.93,109.16,23.42,5.96,17.19,8.41,1294.27
취나물,50g,74.1,3.31,1.37,6.15,0.0,3.26,281.86
취나물된장무침,90g,39.38,3.71,2.77,1.49,0.76,4.13,211.4
츄러스,70g,252.49,40.72,4.62,7.9,15.91,2.1,253.88
치즈김밥,270g,476.98,59.67,16.86,18.99,0.57,7.07,455.54
치즈돈가스,250g,755.37,41.76,42.02,46.69,3.57,3.26,870.77
치즈라면,600g,595.0,80.0,16.8,23.0,0.9,8.0,2113.4
치즈케이크,100g,329.14,28.64,7.23,20.63,15.28,1.24,200.67
치즈피자,200g,553.0,71.2,31.4,15.8,6.8,6.3,949.96
치커리겉절이,100g,56.41,4.4,1.49,3.65,3.71,1.92,176.85
치킨까스,200g,593.0,44.02,27.91,33.92,4.15,3.86,779.27
치킨너겟,150g,468.4,14.93,22.47,35.42,4.94,3.46,843.88
치킨데리야끼,340g,707.64,51.71,56.23,30.65,0.39,4.75,906.15
치킨무,130g,22.1,3.97,0.68,0.39,2.27,1.97,245.3
치킨버거,200g,475.56,50.17,24.86,19.49,3.82,5.49,666.76
카레라이스,480g,518.4,99.53,14.94,6.73,0.78,2.62,1007.05
카스텔라,70g,234.74,33.59,7.02,8.03,23.64,0.89,43.81
칼국수,700g,540.65,104.28,23.09,3.46,0.0,10.9,1542.0
캘리포니아롤,300g,487.64,89.23,12.33,9.05,8.9,7.6,1295.88
코다리조림,100g,86.06,4.16,16.46,0.4,3.67,12.85,465.52
코다리찜,200g,188.69,12.15,28.97,2.69,5.0,3.72,1240.64
콤비네이션피자,200g,548.05,51.07,21.35,28.71,9.69,5.13,882.61
콩국수,800g,651.57,71.37,31.2,26.81,1.95,15.18,532.23
콩나물고춧가루무침,90g,83.58,5.34,3.54,5.34,1.71,4.97,182.96
콩나물국,400g,24.66,2.44,2.95,0.35,0.65,1.64,874.4
콩나물국밥,780g,403.26,85.22,11.34,1.89,0.0,9.21,1339.02
콩나물된장국,400g,123.17,10.46,10.31,4.45,2.11,4.18,1461.21
콩나물된장찌개,300g,146.27,18.94,7.69,4.42,0.29,4.39,919.07
콩나물무침,50g,34.54,1.6,1.93,2.27,0.25,0.85,193.59
콩나물밥,320g,392.17,71.66,14.98,5.07,0.12,6.18,868.99
콩나물잡채,230g,153.12,28.86,4.43,2.22,21.56,8.27,1422.94
콩비지찌개,400g,275.73,14.27,26.95,12.32,12.98,8.16,1156.03
검은콩조림,30g,84.27,10.45,5.39,2.32,1.06,4.68,260.31
크로아상,150g,669.17,64.96,11.28,40.47,9.15,3.44,685.04
크림소스스파게티,400g,837.57,73.76,21.79,50.59,9.17,4.76,1030.21
키조개구이,180g,234.13,18.79,31.38,3.72,6.48,7.09,817.83
탕수육,200g,358.97,24.84,27.21,16.75,19.08,2.89,814.66
탕평채,100g,97.5,12.26,3.55,3.81,0.39,2.67,260.4
토란국,400g,62.09,10.42,4.01,0.49,1.07,0.21,759.86
토란대나물무침,90g,61.11,3.8,4.63,3.04,0.35,3.03,199.95
토마토소스스파게티,500g,642.58,93.2,24.35,19.15,15.6,7.34,1508.63
톳나물무침,90g,67.82,11.05,1.68,1.88,6.25,5.73,540.29
파김치,30g,13.32,1.26,0.77,0.58,0.45,1.22,259.16
파래무침,30g,14.83,1.49,1.06,0.51,0.52,1.05,220.77
파무침,150g,105.95,13.62,3.38,4.22,12.03,5.28,635.69
파전,150g,292.8,34.81,6.83,14.03,0.79,6.19,345.96
팔보채,220g,196.98,7.53,27.33,6.39,4.59,5.52,1883.99
팥밥,200g,286.0,64.51,6.56,0.19,0.0,5.18,7.12
팥빙수,400g,401.79,82.39,14.29,1.67,37.84,15.86,125.16
팥시루떡,100g,224.23,48.13,3.77,1.85,0.04,3.99,195.21
팥죽,400g,324.17,66.63,12.69,0.76,0.08,8.33,508.72
팥찹쌀떡,100g,294.75,62.93,5.06,2.53,25.95,1.82,140.24
페이스트리,70g,326.3,29.05,5.82,20.76,4.5,1.46,261.05
페이스트리빵,70g,319.59,32.52,5.99,18.4,5.75,2.13,295.79
페퍼로니피자,200g,532.0,70.3,29.4,14.8,7.5,5.5,945.22
포테이토피자,250g,628.0,71.6,28.0,25.5,8.5,6.8,999.93
표고버섯구이,80g,79.6,14.51,3.47,0.85,1.12,8.91,348.04
표고버섯볶음,150g,142.0,15.8,4.5,6.7,2.6,9.3,574.8
표고버섯볶음밥,300g,551.73,95.37,10.09,14.43,0.0,7.73,896.57
표고버섯전,150g,271.89,19.11,15.19,14.97,2.84,11.03,475.95
풋고추된장무침,100g,123.64,12.0,2.37,7.35,8.43,3.43,182.55
풋고추찜,100g,51.22,8.27,2.31,0.99,1.44,4.1,708.36
풋마늘무침,100g,71.06,11.27,4.14,1.04,5.95,4.6,477.0
피자빵,200g,595.65,63.52,17.7,30.09,16.21,4.34,1274.89
피조개무침,100g,51.64,6.07,4.71,0.95,3.72,2.1,222.87
하이라이스,360g,401.93,76.84,14.47,4.08,0.0,3.14,884.09
한치초밥,250g,374.18,77.92,13.71,0.85,13.13,1.54,1199.31
함박스테이크,200g,347.37,14.38,24.2,21.45,0.11,2.51,395.28
해물덮밥,700g,771.93,100.45,42.04,22.44,1.19,10.89,1802.68
해물된장국,400g,111.58,10.73,8.38,3.9,1.79,4.02,1534.58
해물매운탕,600g,211.37,15.08,29.07,3.86,2.69,9.85,2208.53
해물볶음,400g,419.06,32.2,38.2,15.3,7.4,9.2,1755.16
해물볶음밥,400g,705.22,90.46,25.1,27.0,1.22,11.67,1074.35
해물완자전,200g,444.86,36.07,22.92,23.21,6.81,3.53,1181.0
해물찜,500g,400.08,35.4,42.6,9.8,5.5,10.5,2137.21
해물칼국수,900g,628.26,123.9,22.8,4.61,3.81,44.91,2355.07
해물콩나물찜,200g,111.2,9.93,13.33,2.02,0.0,4.99,446.45
해물크림소스스파게티,500g,917.57,86.97,30.39,49.79,8.36,8.0,1323.7
해물탕,600g,267.81,16.6,39.8,4.7,0.8,6.0,2046.24
해물토마토소스스파게티,500g,584.44,87.24,27.97,13.73,13.48,8.3,1533.16
해물파전,150g,256.14,27.43,8.25,12.6,1.23,2.44,449.35
해초무침,100g,39.3,8.52,0.95,0.16,3.95,4.25,862.21
해파리냉채,150g,91.0,13.4,6.2,1.4,11.4,2.1,508.77
햄 김치찌개,300g,93.41,9.52,4.42,4.18,0.12,2.85,1335.08
햄구이,170g,577.05,2.61,26.02,51.39,3.26,2.62,1506.75
햄김치찌개,300g,189.0,12.7,11.1,10.4,3.6,8.3,1583.05
햄달걀부침,100g,277.32,8.06,12.71,21.59,0.0,1.54,590.52
햄버거,200g,527.67,43.34,25.69,27.95,6.25,5.56,900.73
햄버거스테이크,200g,457.7,20.76,26.96,29.65,5.33,5.67,950.22
햄부침,100g,244.0,11.3,11.3,17.1,1.0,1.6,715.66
햄샌드위치,200g,439.2,31.28,24.88,23.84,3.79,3.34,1397.4
햄채소볶음,220g,401.83,21.13,23.04,25.02,7.32,3.94,1766.73
햄치즈샌드위치,240g,433.09,45.79,21.15,18.37,9.62,4.14,658.78
현미밥,230g,396.31,89.48,7.14,1.09,0.0,4.63,4.8
호떡,150g,470.6,85.68,8.11,10.61,1.09,3.12,316.31
호박고추장찌개,280g,115.04,16.69,5.83,2.77,1.58,3.34,590.73
호박부침개,100g,129.0,10.1,3.9,8.1,3.6,1.3,174.33
호박오가리나물무침,100g,200.5,21.46,6.14,10.01,6.82,7.03,1849.2
호박잎된장국,350g,23.1,1.88,1.41,1.11,0.25,0.85,569.77
호박전,150g,208.1,16.1,6.48,13.09,2.85,6.87,276.95
호박죽,400g,197.52,26.3,7.7,6.84,14.24,10.37,167.39
호박찌개,300g,95.0,12.2,5.6,2.6,5.8,4.1,1024.11
홍어무침,200g,198.94,25.95,17.85,2.63,14.46,6.72,802.04
홍합무국,350g,87.05,3.0,2.76,7.11,0.83,2.92,816.38
홍합미역국,650g,167.0,11.6,19.7,4.7,0.0,9.5,2043.68
홍합산적,80g,156.66,10.58,17.78,4.8,3.34,1.48,719.72
화양적,150g,272.65,21.35,13.58,14.77,1.21,8.58,797.03
황태구이,200g,437.57,26.9,47.8,15.4,14.2,3.0,1135.33
황태해장국,600g,181.7,5.7,24.5,6.8,1.5,5.4,1533.09
회냉면,500g,741.26,111.04,29.04,20.11,14.21,13.12,495.46
회덮밥,500g,683.02,103.3,30.21,16.55,10.93,8.09,744.27
회무침,250g,203.95,21.5,20.22,4.12,11.33,6.47,686.98
후라이드치킨,200g,530.04,21.29,35.47,33.67,0.0,0.84,386.81
훈제오리,250g,797.14,12.08,43.06,64.07,0.27,1.36,1220.37
흑미밥,200g,348.7,80.14,6.53,0.22,0.04,3.01,3.51
흑임자죽,400g,245.96,14.56,4.41,18.9,2.99,2.85,635.84