己喊,唱捞,俊呈瘤(kcal),窜归龙(g),藕荐拳拱(g),寸幅(g),侥捞级蜡(g),瘤规(g),唱飘俘(mg),眉吝,脚厘,眉吝函拳,脚眉劝悼瘤荐
咯己,34,4023,145.43,683.78,320.2,42.6,75.89,12909,52.6,160.3,8.95,1
咯己,29,4552,80.97,603.96,329.01,29.4,212.93,5608,57.6,157.7,5.85,3
咯己,27,3512,150.95,581.7,108.43,107.8,66.57,8444,79.3,167.6,5.95,3
咯己,33,5621,274.72,575.61,215.83,36,249.49,7331,56.8,158,1.45,4
咯己,21,3728,131.73,569.93,303.76,17.9,71.43,6589,52.7,159.4,3.2,1
巢己,23,3972,146.06,554.34,165.03,18.7,118.19,6671,62,166.9,8,3
巢己,32,3401,97.39,552.15,162.38,37,95.22,6011,86.3,176.5,-7.75,4
巢己,39,3505,84.49,533.39,187.75,46.9,117.8,3600,62,179.6,1.7,1
巢己,33,3784,131.16,526.12,174.46,26.2,133.37,6066,58.1,174.2,-4,2
巢己,19,3094,99.55,513.6,235.26,19.5,72.05,4938,74.8,175.1,7.3,4
咯己,28,3820,119.75,511.25,183.29,25.9,146.18,6132,55.3,154.9,5.8,3
咯己,36,4190,233.33,510.94,165.9,28.4,132.88,7221,53.6,143.8,-0.4,3
咯己,32,3513,92.81,503.62,182.91,28.9,127.42,7323,66.1,152,3.1,4
咯己,21,3865,150.9,495.92,161.95,31.8,142.5,5919,56.9,160.8,0.65,3
巢己,19,3121,73.47,495.35,206.04,27.3,101.62,3090,84.2,169,6.35,3
巢己,32,4431,198.61,494.14,158.64,21.7,184.31,7643,89.9,172.2,2.15,3
巢己,31,3130,102.08,486.21,130.97,58,94.16,3508,76.7,161.1,0.2,3
咯己,34,2719,66.92,483.16,153.36,37.4,61.27,3240,59,159.5,2.75,2
巢己,28,4991,137.34,477.91,167.64,21,134.27,6141,55.9,165.6,-7.1,2
咯己,33,4284,135.55,477,280.74,24.7,202.03,5784,70.5,160.5,5.25,3
巢己,38,3306,81.92,468.69,135.39,45.6,127.71,4420,64.1,166.8,0.65,3
巢己,27,3762,201.33,466.47,200.87,51.3,126.16,6172,91.3,171.1,1.3,3
巢己,37,3921,122.03,459.07,146.72,43.1,185.67,3544,71.2,174.7,1.45,3
咯己,26,5425,148.95,450.37,305.8,7.7,138.05,5353,61.4,171.9,0.65,1
巢己,23,4425,183.48,449.86,98.9,19.8,209.89,8265,68.1,173.7,-3,1
巢己,33,2702,94.25,438.93,141.24,46.8,65.46,3684,56.5,172.9,-1.55,3
巢己,23,3219,150.5,434.39,218.56,31.1,102.29,4778,72.7,182.9,-1.55,3
巢己,33,3691,183.14,434.27,134.61,21.5,134.37,5941,87.2,178.3,3.05,2
巢己,21,4621,204.85,430.8,185.45,7.3,168.44,6845,48.8,170.9,5.15,2
巢己,36,2913,88.07,427.54,160.15,26.1,96.11,3394,82.8,167.4,17.55,3
咯己,20,3212,168.73,423.91,152.06,21.1,60.01,9673,46.7,156.2,4.4,3
咯己,25,3493,178.9,422.42,224.13,27.1,125.05,6956,44.3,163.9,-2.95,3
巢己,20,2975,97.8,413.04,277.81,22.7,113.34,5927,52.8,168.7,5.55,2
巢己,30,2548,88.79,412.87,183.57,29.7,65.49,3589,92.6,180.4,4.4,2
巢己,32,3695,176.48,412.06,87.22,28.5,150.18,7737,68.1,175.6,0.6,1
咯己,37,2454,70.66,408.29,87.7,18.9,61.29,3548,75.2,162,3.2,1
咯己,32,3404,111.08,406.55,113.08,21.9,150.73,6637,47.2,160.3,-2.3,4
咯己,38,3129,106.76,404.7,88.96,21.8,121.93,6277,86.2,152.3,11.95,4
咯己,27,3206,79.26,403.16,54.59,43.7,122.62,4704,66.4,154.6,-1.1,3
巢己,24,3532,186.65,403.02,202.19,29.8,138.4,5010,79.3,177.9,-3.95,3
咯己,19,3268,94.89,401.44,183.07,24.2,145.24,4154,80.6,161.8,6.35,1
巢己,21,2706,128.56,398.78,78.23,17.4,66.14,7570,117.9,181.6,18.9,3
巢己,24,4161,166.36,398.66,114.96,60,225.37,7274,65,171.4,-7,3
巢己,29,2920,122.58,392.53,160.03,16.5,97.72,4437,78.9,171.3,2.4,3
巢己,30,2742,141.22,390.84,99.51,19.2,69.96,7268,82.8,161.4,-0.45,2
巢己,24,2901,102.56,389.34,129.35,24.9,105.57,4194,48.9,165.2,-7.35,2
巢己,22,2975,112.81,387.49,143.2,24.8,112.36,4983,59.8,171.8,0.4,2
咯己,24,2680,106.41,386.66,135.24,22.9,82.72,3715,63.2,159.9,13.7,2
咯己,31,2653,38,385.61,142.34,19.9,110.26,4219,71,152.2,8.9,2
巢己,36,2197,61.91,384.76,231.17,44.9,56.9,2754,73.1,174.4,1.1,4
咯己,27,2930,160.93,383.82,186.5,36.2,58.39,7219,66.7,162.4,-0.8,3
咯己,35,2620,51.98,379.21,138.19,32.3,102.86,3399,72,157.3,2.25,2
咯己,32,2735,69.68,379.18,145.27,55.3,113.03,3304,74.8,163.6,2.8,2
咯己,19,2810,61.61,377.01,167.82,25.2,79.72,3758,88.3,164.8,14.05,1
巢己,29,5180,388.21,374.11,48.59,41.3,241.71,10136,104.6,177.2,-5.65,3
巢己,32,2493,97.92,373.53,41.16,31.4,65.77,3703,67.7,160.9,-4.3,3
巢己,30,2501,78.25,369.85,48.33,71.1,82.64,2839,80,180.8,0.8,1
咯己,25,3498,146.95,366.9,88.99,43.1,165.05,6663,56,163.3,2.45,4
巢己,25,3126,120.01,364.15,61.49,18.7,115.25,5071,69,172,1.5,2
巢己,25,3208,108.54,362.91,173.59,30.8,152.39,5584,71.3,175.9,8.3,4
巢己,30,2598,77.76,361.68,58.11,27.2,51.3,3446,100.8,178.3,3.6,2
咯己,32,2434,90.85,360.14,173.25,22.9,74.09,3707,70.6,160.8,12.1,4
巢己,25,2962,101.42,358.64,202.64,15,125.99,5328,59.1,168.8,-1.65,3
咯己,31,2366,56.08,357.69,253.9,12.3,82.91,3350,71.4,158.2,-2.85,3
巢己,32,2111,42.98,357.14,95.73,16.5,39.77,2542,64.9,166.3,-0.35,2
咯己,21,2734,130.25,352.6,84.25,20.6,88.22,7445,48.1,157.7,3.55,2
咯己,33,2052,66.55,352.45,99.11,28,44.32,4577,57.5,151.7,3.5,2
巢己,36,4486,264.22,351.68,92.58,12.2,121.85,7253,70.2,164.1,11.7,2
咯己,31,2577,47.56,350.79,179.27,20.3,114.81,3272,48.6,156.9,-8.1,4
咯己,29,2632,84.24,349.73,140.88,22.2,101.7,4804,68,168.6,7.25,2
巢己,27,2740,134.5,348.99,100.3,33,95.08,5681,71.5,177.9,1.75,3
巢己,21,2266,98.36,348.83,130.71,5.9,50.55,3791,95.4,172,18.9,3
巢己,22,2281,116.69,348.58,119.69,63.4,60.49,4960,81.1,169.5,5.5,2
咯己,24,2191,61.83,346.33,27.62,48.1,61.81,3157,66.5,170.8,12.5,3
巢己,25,2149,42.08,346.27,67.39,16.7,65.74,2618,39.2,136.5,5.45,2
咯己,35,2222,121.49,345.63,126.44,33.3,43.71,4894,43.1,159.3,-4.15,2
咯己,22,2328,75.2,345.3,158.37,9,73.16,4519,57.1,162,3.1,1
巢己,38,3467,117.87,345.25,125.73,18.6,139.81,6322,85.3,174.7,7.9,2
巢己,25,2541,118.86,344.11,60.13,22.2,76.49,5470,58.8,150.8,7.05,3
咯己,33,2302,71.1,343.08,95.3,32.6,48.11,6717,67.2,160.4,9.15,2
咯己,29,2257,50.6,342.63,187.88,26.5,83.77,2459,56.9,155.1,-1.15,2
咯己,27,2318,106.06,342.09,86.3,15.1,58.47,6303,50.8,161,5.8,3
咯己,23,2649,140.09,342.06,124.75,27.5,83.06,5292,62.8,156.3,-4.7,4
巢己,27,3299,104.37,341.61,111.23,28.2,141.58,5427,73.7,179.5,6.2,2
咯己,39,2755,189.5,339.61,88.73,13,66.76,9920,63.4,153.5,-0.95,2
巢己,32,1854,39.26,338.88,142.28,11.5,39.82,4165,78.2,173,1.7,4
巢己,25,3651,151.2,338.54,99.47,50.6,199.31,6408,69,174.8,6,1
咯己,31,3670,149.32,337.16,126.98,19.7,192.47,6615,71.5,155.7,1.75,1
咯己,30,2402,110.15,336.84,166.82,16.6,70.74,3453,64.4,157.2,8.15,3
巢己,22,2910,124.31,334.6,100.82,21.3,125.29,7705,56,159.6,8.75,4
巢己,34,2127,65.26,334.28,93.45,51.9,62.67,2905,81.1,161.8,0.1,2
巢己,39,2586,90.12,333.97,118.44,19.5,101.6,4419,83.2,174.8,-2.3,3
咯己,36,3173,119.26,333.23,128.88,17.2,152.57,5267,52.9,156.9,3.4,2
巢己,36,1938,41.2,332.85,130.39,23.8,49.71,3383,87.2,174.2,6.2,2
巢己,38,2673,103,331.02,102.84,35.4,108.39,5177,77.6,179,3.35,3
咯己,19,2282,72.4,328.74,185.16,20.6,79.95,2909,52,154.5,0.25,4
巢己,33,2426,96.25,327.36,53.86,20.2,70.63,7285,82.3,164.1,-7.7,3
巢己,24,3497,118.23,326.37,179.32,26.4,203.72,5553,90.5,181.3,-6.7,3
咯己,22,2623,108.03,326.21,133.12,34.7,109.89,3888,50.4,161.9,-1.35,3
巢己,26,1990,75.11,325.64,73.53,28,47.47,3245,68.2,171.4,-1.55,1
巢己,29,2541,98.24,325.5,110.21,28.4,100.29,4828,70,170.5,0.7,2
巢己,32,2523,95.78,323.52,163.93,17.7,99.81,4136,143.4,182,-0.15,2
巢己,27,3476,155.32,322.79,145.01,35.8,183.98,4928,86.2,184.2,11.95,4
巢己,33,2331,66.15,322.26,64.98,19.5,85.82,4200,83.3,179.5,1.85,3
巢己,32,3008,176.55,322.1,75.47,31.5,117.46,2956,68.3,170.6,0.8,3
巢己,28,3226,150.7,322.08,56.11,23.4,148.73,6602,106.7,173.5,0.95,3
咯己,34,2755,75.26,321.32,146.26,12.6,131.4,2975,42.3,150.6,1.8,3
巢己,23,2586,170.83,321.03,70.98,31.4,75.63,4817,60.3,166.4,-7.11E-15,3
咯己,28,2171,59.18,320.43,102.57,34,77.34,3104,68.3,158.4,-3.25,3
巢己,25,1962,76.43,320.26,107.65,34.9,44.62,3987,67.9,167.8,4.9,3
巢己,33,2495,60.61,319.75,129.82,19.8,111.09,4271,75.4,174,5.65,1
巢己,37,1830,54.36,319.7,74.19,19.8,37.91,3071,71.5,170.9,0.85,3
巢己,29,3063,211.05,318.49,86.98,32.1,104.65,6125,60.8,178.2,-1.3,3
巢己,39,3322,171.85,318.08,131.77,23.8,127.47,5326,97.1,174.1,0.35,3
咯己,39,2001,108.02,317.9,110.68,26,37.64,4079,47.6,155.5,-1.45,3
巢己,28,2520,89.52,317.38,107.63,15.1,66.57,5224,77.2,173.3,11.95,4
巢己,23,2444,84.3,316.72,114.6,16.5,95,4373,79.3,173.7,5.05,2
巢己,32,2457,105.1,316.17,171.97,18.7,78,3448,73.3,177.8,-0.95,3
咯己,36,2271,67.44,315.57,126.36,24.1,87.76,4474,65.7,162.4,0.45,2
咯己,34,1843,47.16,315.39,71.05,30.9,46.53,3221,58.3,154.4,6.55,3
巢己,22,4147,142.96,314.46,116.96,32.2,113.7,4018,78.4,179.4,1.9,3
巢己,24,2683,76.93,313.26,106.1,12.2,97.71,4255,79.6,164.2,-10.4,3
咯己,30,2274,122.42,310.55,69.14,26,65.11,6704,59.4,155.5,14.4,4
咯己,34,2396,142.4,309.5,47.51,15.4,61.54,13753,52.2,147.5,-0.45,4
咯己,37,2091,86.55,309.04,118.4,21,62.6,3292,51,165.6,-0.3,2
咯己,22,1855,85.59,308.94,78.2,14.3,27.63,2626,47.2,150.7,-1.4,1
巢己,33,2121,86.42,308.68,117.83,23.2,65.08,4368,85.7,162.7,0.2,2
巢己,33,2327,98.64,308.46,78.25,26.8,77.33,5086,66.4,172.4,-5.6,2
咯己,27,2278,62.37,307.97,142.54,11.9,92.38,3318,47.8,160.1,-1.7,2
咯己,39,2767,158.73,307.17,45.37,22.2,86.67,12045,49.7,154.3,3.35,4
巢己,33,2108,57.96,306.96,130.23,11.7,73.54,2922,112.4,185.2,8,4
咯己,37,1809,62.51,306.81,73.17,23.8,39.54,4372,62.7,159.3,6.45,2
咯己,31,1905,62.82,306.25,106.44,23.1,52.18,5627,57.5,167.2,2.15,2
咯己,36,3030,129.76,304.81,118.83,10.7,123.73,8064,46.9,162,-2.6,2
咯己,34,2780,122.88,304.55,54.67,40.7,127.26,4625,45.4,166,0.4,3
咯己,31,1998,82.62,303.89,64.12,45.2,51.68,3373,61.1,156.1,-1.9,3
巢己,19,2061,51.89,303.89,93.73,34.3,75.79,3012,50.6,167.1,-5.65,3
巢己,23,2128,71.36,303.33,95.73,23.5,69.65,3287,61.6,178.1,-5.9,1
咯己,24,1688,39.09,302.25,157.89,17.2,39.77,1196,59.1,155.3,3.75,4
巢己,24,2608,71.49,301.9,77.6,20.5,60.96,2606,54.4,163.9,-0.5,3
咯己,25,2191,72.8,301.51,140.16,16.8,81.94,2656,58.5,149.8,-4.5,4
咯己,38,3083,116.95,301.4,70.23,18.3,151.24,5890,61.4,155.8,5.15,3
巢己,32,2445,93.3,300.69,163.82,17.6,100.43,3361,59,169.2,-4.9,2
巢己,21,1731,50.78,300.38,100.93,16.4,37.5,2242,64.5,165,10.5,3
咯己,39,2238,107.21,298.63,145.19,18.7,52.66,3852,47.2,151,2.2,3
巢己,37,1931,55.45,297.2,92.39,25.5,59.3,3943,68.3,165.2,4.4,2
咯己,22,2060,68.17,294.73,61.23,35.7,68.63,2316,52.5,150.7,-1.5,3
巢己,31,2692,88.02,293.87,67.13,74,140.85,3640,81,172,0.9,3
咯己,20,2479,83.1,292.8,142.43,15,108.24,4898,48.3,163.4,-1.2,1
咯己,37,2705,94.82,292.77,61.5,40.6,134.15,3913,61.7,158.5,-2.2,2
咯己,33,3138,86.58,292.57,52.92,36.9,134.75,3550,78.8,164.5,-2.2,3
巢己,25,1892,57.97,292.45,107.62,34.5,60.3,3058,82.8,168.3,5.4,4
巢己,39,2158,90.77,292.3,35.12,44,76.65,3510,63.1,166.1,-4.4,2
巢己,19,1807,75.23,292.05,28.7,8.8,35.12,2819,70.9,169.7,3.4,3
咯己,30,1718,48.19,291.17,85.27,21,39.19,2086,55,145.1,9.55,1
巢己,34,1760,45.89,289.56,128.79,13.8,48.79,3251,80.7,172,4.2,3
巢己,27,2254,113.01,287.04,135.52,7.6,70.18,5603,71.5,176.8,-0.95,1
巢己,26,2624,90.97,286.83,129.92,49.3,137.01,3417,72.3,172.5,1.65,3
巢己,35,3615,355.67,286.51,184.77,25.7,114.41,6928,115.8,170,12.3,3
巢己,21,2835,134.19,286.25,126.18,28.8,133.42,4608,64.6,177.8,3.85,3
咯己,28,2045,63.07,285,97.16,24.9,75.81,2531,58.7,157.8,2.45,2
咯己,30,2528,178.86,282.88,70.94,7.9,71.82,5601,53.3,160.8,-2.95,4
巢己,22,2839,110.41,282.58,44.24,28.6,142.92,5343,73,174.8,-0.8,3
巢己,27,2011,63.79,282.57,110.13,33.6,76.98,2326,78.3,167.3,6.3,3
巢己,24,2077,113.03,280.95,182.95,9.7,58.11,4280,100.3,184.8,10.3,2
咯己,20,2213,55.22,279.49,123.39,11.7,99.69,3035,79,166.5,-6.5,3
巢己,27,2750,138.19,279.23,123.91,16.8,125.06,4725,67.2,166.4,1.95,3
咯己,22,2342,101.57,278.54,102.5,16,90.62,5947,85.6,173.1,-8.9,2
巢己,30,2573,104.25,278.15,154.26,6.8,117.56,4508,76.5,176.2,-4.5,3
巢己,20,1940,92.25,276.62,38.84,21.1,50.96,3666,74.3,172.4,6.8,3
巢己,30,2217,74.99,276.06,137.59,8,89.35,3595,53.5,158.8,1.75,3
咯己,28,2140,91.43,275.87,119.42,22.7,76.46,2753,60.3,162.3,4.05,2
巢己,19,1743,91.18,275.81,95.61,45.7,35.51,5731,64.9,171.3,-0.8,2
咯己,27,2960,96.84,275.7,170.17,15.4,170.53,4893,55.3,162.6,5.8,1
咯己,33,3146,190.98,275.46,82.53,16,141.45,7251,72.6,158.4,11.4,2
咯己,34,2206,101.58,275.33,142.26,32.5,86.04,6634,59.6,165.2,5.6,3
巢己,23,1959,70.36,275.17,56.82,17.2,66.72,3681,69.2,179.5,3.95,3
咯己,33,2016,71.94,274.89,114.12,15.6,72.12,3185,48,145.3,3,2
巢己,21,2005,99.44,274.88,15.97,13.8,55.71,6731,83.7,169.6,9.45,4
咯己,24,2527,40.54,274.64,158.69,13.6,48.55,2376,57.6,157.1,-3.15,3
咯己,31,2000,108.35,274.44,150.41,22.8,59.3,4368,72,165.9,0.9,1
咯己,28,1817,67.17,274.29,96.52,42.4,56.85,3753,54.3,148.8,1.2,3
巢己,32,2146,67.64,273.74,107.59,11.6,88.52,2589,74.2,166.1,6.7,1
咯己,30,2146,52.82,272.83,101.93,25.6,100.27,3174,73.2,163.1,0.75,3
咯己,32,1905,39.35,272.57,98.85,15,73.82,2519,65.5,153.7,1.6,2
咯己,39,1718,62.09,271.57,140.97,13.6,47.95,3964,60.8,156.2,-2.2,1
巢己,19,3585,118.79,271.04,161.61,14,144.42,4586,71.7,178.9,-9.3,2
咯己,19,1683,64.74,270.2,145.54,4.6,33.18,3785,57.5,155.9,1.25,2
咯己,20,2279,64.23,269.77,14.13,10.5,104.81,4830,58.1,155.4,5.45,3
咯己,32,2141,88.46,269.56,98.65,12.5,79.82,4713,79.1,155.2,4.85,3
咯己,30,1920,69.46,269.24,109.53,21.6,68.47,3516,56.2,164.6,2.2,3
巢己,29,2217,87.5,268.63,104.3,16.7,79.79,3769,83.7,185.7,2.7,3
巢己,33,1589,43.33,267.27,83.73,26,39.86,2057,58.8,168.9,-0.6,2
咯己,28,1819,52.91,265.94,100.18,10.8,60.62,3724,52.4,166.2,-1.6,2
咯己,25,2879,137.39,265.69,55.36,13.7,104.62,6119,58.5,174.6,2.25,2
咯己,30,1406,36.76,265.6,128.5,16.4,24.51,1244,55.2,153.9,-2.4,4
巢己,31,1908,64.77,265.16,57.61,19,66.61,2829,90.5,171.9,11.75,2
咯己,24,2297,55.17,265.1,110.41,21.4,105.79,3620,53.9,164.9,0.8,3
咯己,27,1874,59.71,265.06,144.01,28.7,71.93,1687,81.3,155.9,4.8,1
巢己,20,2673,254.76,264.6,61.72,7.9,61.33,5087,63.1,166.7,-6.65,2
咯己,39,1838,54.85,264.48,97.35,14.8,63.94,3665,57.3,154.8,1.5,2
咯己,23,1960,54.58,264.39,147.52,21.8,80.69,2299,65.4,159.8,4.65,3
巢己,39,1749,86.1,264.05,88.85,29.7,42.93,2359,68.5,168.3,-4.4,2
咯己,36,2255,81.17,263.95,73.09,44.1,102.94,3390,71.1,157.7,-2.7,2
咯己,32,1831,80.27,263.73,160.51,21.1,56.75,2418,54.4,153.1,-1.85,2
巢己,32,2169,111.9,263.59,116.89,24.5,76.73,3477,62.2,170.1,-3.05,3
巢己,24,2059,114.09,263.24,38.57,17.9,60.33,6652,72.6,167.4,5.1,3
巢己,24,1731,47.67,263,100.94,12.5,57.21,2339,80,165.8,1.25,4
巢己,38,2364,134.9,262.88,135.93,26.2,96,7399,85.3,180.4,-0.2,2
咯己,28,2077,120.34,262.78,131.67,21.7,66.49,4003,49,156.9,-1.4,4
咯己,30,2398,64.35,262.53,125.09,14.5,65.3,3757,66.1,156.6,-3.65,3
咯己,38,1864,51.5,262.51,98.6,14.6,72.19,2838,51,160.7,-4.35,2
巢己,38,1834,73.86,261.32,79.1,23.9,56.03,2710,65.3,159.4,3.2,3
巢己,32,1701,50.62,260.49,127.21,9.4,52.5,2280,75,161,5.25,3
咯己,30,2156,127.67,259.78,127.98,19.3,72.84,7263,54.8,151.2,-2.35,3
咯己,35,1428,27.75,259.64,166.77,19.5,37.28,1305,70.4,145.6,3.8,2
巢己,37,2830,103.3,259.4,99.97,11.4,121.99,5609,78.6,182.6,0.3,3
咯己,23,1994,80.12,259.02,84.57,18.8,71.94,3655,54.5,151.3,7.25,2
巢己,25,2827,132.25,258.77,107.62,17,142.29,5019,50,160.7,0.5,3
咯己,30,3859,204.6,258.52,94.31,16.4,230.87,5974,80.7,162.7,6.45,2
巢己,35,1557,37.83,257.95,56.26,14,41.62,2572,74.7,166.5,-14.4,3
巢己,25,4500,244.74,257.46,131.38,10.4,282.3,8454,68.5,170.6,-1.25,3
巢己,30,2106,125.38,257.39,40.82,30.3,64.96,6541,73.3,176.8,0.4,2
巢己,29,2562,128.39,257.38,91.86,18.8,101.01,5604,78.9,162.3,2.4,3
咯己,37,1826,106.96,257.09,176.73,21.6,46.51,3240,44.7,154.9,1.95,3
巢己,19,2408,108.8,257.08,100.44,8.8,104.83,5126,89.7,175.2,5.55,2
咯己,36,1671,76.09,257.06,79.69,19.3,40.37,3974,80.6,161.6,1.4,3
咯己,30,1835,77.09,256.68,47.46,13,54.81,3838,49.2,151.2,0.6,1
巢己,28,1751,48.46,255.72,64.86,25.9,63.83,2916,71.4,168.5,8.4,3
巢己,37,1974,44.82,255.59,112.96,38.6,88.63,1927,69.2,169.3,-0.55,2
巢己,32,2223,113.34,254.4,51.35,16.8,83,5476,67.3,172.8,-4.25,1
咯己,33,1701,51.97,254.18,110.98,9.7,54.23,3256,48.6,148.3,-0.9,3
巢己,25,2681,162.82,252.39,79.33,31.8,116.28,4121,78.9,176.6,-4.35,2
咯己,37,2611,120.43,252.24,109.29,26.3,130.75,2993,52.9,160,-1.1,2
巢己,24,1910,112.13,252.04,122.08,13.4,49.48,3090,54.6,159.3,2.85,2
巢己,23,1827,75.89,251.87,111.24,6.1,57.42,3455,72.4,180.3,3.1,3
咯己,37,1706,54.74,251.35,141.75,12.5,56.25,2173,64.5,162.3,6,2
巢己,33,2629,168.92,251.09,85.03,16.7,107.78,8299,69.6,166.4,2.1,2
咯己,25,2017,53.57,250.84,106.65,25.4,92.47,2698,76.3,159.2,-0.2,3
巢己,38,2856,175.85,250.64,67.26,15.5,109.33,4319,80.4,172.8,1.2,2
巢己,19,2036,99.59,250.55,88.97,31.5,55.39,1945,77.5,165,7.75,3
咯己,26,2487,118.21,250.48,51.06,14.8,108.67,5038,54.2,159.4,-2.05,3
咯己,25,2159,101.07,250.39,96.38,11.7,85.23,5933,54,159.8,4.5,1
巢己,35,2142,95.78,250.22,117.61,16.4,88.34,3792,71.9,172.2,2.15,3
巢己,29,1703,51.51,249.9,84.43,10.7,56.13,9886,81.3,185,-8.7,3
巢己,19,1566,39.58,249.81,131.77,26.7,49.24,1927,78.4,185.6,-1.7,2
巢己,20,1636,78.27,248.92,37.28,8.5,34.29,3348,82.5,158.3,1.5,2
咯己,36,1879,56.93,248.59,96,17.1,75.79,4738,60.3,155,0.45,2
咯己,28,2049,61.25,248.39,67.17,35.9,84.62,5648,65.6,172.4,2.6,3
巢己,20,1537,45.95,248.15,115.22,6.9,40.9,3259,95.1,174.4,0.6,3
巢己,34,2039,119.63,247.92,127.66,18.3,58.58,6225,62.5,162.4,4,2
巢己,26,1520,32.82,247.37,121.98,14.8,48.13,1916,47.1,161.4,-0.15,3
巢己,26,1975,99.12,246.54,77.22,15.8,69.08,4342,93.7,185.1,-3.05,3
咯己,27,1632,62.46,246.42,134.27,19.1,49.38,2376,52,152.9,-1.55,2
巢己,22,1855,50.52,245.37,124.58,21.2,66.2,2514,83,175.8,8.75,3
咯己,28,1834,44.08,244.84,104.63,14.1,48.69,2019,64.1,156.2,2.9,3
巢己,19,2511,106.3,244.69,100.97,11,123.61,4561,57.7,164.9,-0.8,2
咯己,26,1775,75.38,243.87,87.61,9.2,56.01,3379,65.2,172.3,-0.05,2
咯己,24,1963,79.87,241.64,51.68,17.2,75.13,3538,64.5,156.7,-5.25,3
巢己,26,2782,167.53,241.49,104.32,39.3,131.62,4169,74.7,179.8,2.7,3
巢己,27,4587,318.99,241.13,56.55,13.6,255.27,8333,54.8,161.8,-1.45,4
咯己,28,2226,72.11,240.2,67.13,14.3,109.55,3990,60.1,157.7,-1.1,2
咯己,33,1455,44.81,239.96,46.91,35.1,37.26,2004,70.8,160.5,4.2,3
巢己,31,1839,69.42,238.41,76.15,16.3,67.61,3357,74.2,167.8,-0.05,3
巢己,36,1981,90.06,237.89,61.13,13.1,75.15,5852,88.9,176.3,5.65,2
咯己,37,2338,89.11,237.38,126.31,12,83.97,8097,67.3,152,4.3,1
咯己,28,2328,146.44,237.11,100.5,28.1,89.97,4583,81.8,154.6,4.4,3
巢己,36,1523,70.23,236.75,84.14,13.8,34.08,3606,81.5,161.3,5,3
咯己,39,2388,95.47,236.5,55.58,18.9,121.42,5921,80,158.8,-3.25,2
咯己,27,2210,85.43,236.25,115.33,13.8,103.99,3610,52.5,159.2,0.75,3
咯己,25,1836,74.59,236.1,119.83,14,69.42,3085,49.3,150.2,4.3,3
咯己,36,2225,102.92,236.09,105.7,7.3,88.41,3688,56,162.3,2,3
巢己,24,2252,78.57,235.76,83.82,18.4,97.21,4831,74.3,176.2,0.05,2
巢己,35,2233,82.58,235.43,57.67,15.2,111.13,4225,107.9,182.2,8,2
咯己,32,1591,46.32,235.28,173.31,9.4,60.14,1314,59.5,157.6,-5.75,4
咯己,30,1673,66.59,234.94,41.46,15.8,51.59,3605,45.5,143.4,1.4,4
咯己,24,2055,71.83,234.44,122.15,11.5,94.82,2650,61.8,156.4,6.9,2
巢己,34,2105,82.78,234.22,93.98,28,96.47,3487,70.6,174.1,-0.95,3
巢己,29,1629,60.74,233.59,58.11,17.4,51.44,3701,85.1,175,8.6,3
咯己,30,1712,33.62,233.32,82.95,25.7,48.87,2005,53.9,155.4,2.15,3
咯己,39,1592,55.05,233.09,103.58,11.5,50.53,2580,55.1,151.8,1.1,2
咯己,33,2410,95.42,232.92,109.76,30.2,128.22,2305,63.6,165.1,2.4,3
巢己,38,1735,42.11,232.22,146.68,6.2,73.98,2441,63.4,169.3,4.9,3
咯己,29,2232,94.65,232.08,100.35,26.6,105.39,3218,58.4,166.7,0.8,2
巢己,33,1708,53.41,231.76,61.54,12.6,64.31,2512,99.8,168,9.8,1
咯己,33,1745,62.24,229.89,39.32,24.9,67.45,3198,53.6,165.5,0.95,3
巢己,19,2007,71.71,229.2,104.91,11.7,91.15,3106,80.3,163.4,6.05,3
咯己,27,2150,61.19,229.03,124.91,11.6,90.26,2631,59.3,171.4,0.8,2
咯己,28,1379,53.9,228.4,50.37,8.9,26.89,3624,50.1,148.8,4.65,2
咯己,39,1788,93.07,228.24,65.3,14.9,57.61,7438,52.9,159.1,-1.1,1
咯己,31,2139,144.25,227.79,28.91,10.8,68.97,4857,49.5,155.3,-0.9,1
巢己,31,1432,41.44,227.58,71.85,35.7,41.57,1431,73.1,180,1.55,3
咯己,38,1219,30.8,227.06,61.13,18.8,25.06,2469,63.4,158.7,-0.05,3
咯己,23,2241,64.19,225.83,42.77,20.3,121.66,3816,109.4,159.2,10.4,2
咯己,32,1384,56.91,225.65,87.02,13,28.89,2058,58.7,159.3,8.3,2
咯己,38,1946,96.35,224.49,46.96,10.2,62.14,2976,56.9,158.9,2,1
巢己,26,1968,99.52,224.06,39.32,27.2,42.8,3633,85.9,181.8,4.9,4
巢己,22,1598,65.13,223.9,73.96,14.5,49.1,3059,59.2,167.5,0.7,2
巢己,27,2096,87.59,223.88,14.56,15.5,93.92,4485,90.2,175.4,6.95,3
巢己,34,1758,61.22,223.33,64.25,16.9,71.16,3821,68.4,170.4,-0.9,1
咯己,31,1266,36.07,223.18,65.25,23.7,29.7,1511,51.3,165.1,-2.7,2
咯己,33,1591,75.31,222.64,69.97,10,43.55,2371,59.9,144.9,-3.1,2
巢己,32,1860,98.96,222.32,49.63,14.3,43.4,2853,79.5,178.4,0.75,2
巢己,29,1315,51.57,222.08,57.84,17.8,23.1,2261,81,166.7,4.5,4
咯己,29,1588,72.95,221.7,40.22,12.5,43.75,3740,50.9,157.1,2.3,2
咯己,26,2098,98.95,221.46,129.37,12.2,75.67,3460,42.6,155.3,-0.6,3
咯己,25,1461,39.19,221.11,92.94,19.8,49.97,1973,47.1,162.9,-1.95,3
咯己,31,1710,87,221.07,103.33,16.7,56.08,2517,48.9,153.9,1.65,2
咯己,31,2107,137.94,221.04,75.26,21.5,73.73,6853,50.6,156.2,-2.05,2
咯己,27,1593,79.89,220.69,103.93,11.3,44.59,2767,71.3,151.2,13.25,3
咯己,39,1374,41.78,220.08,58.22,22.8,38.87,2464,63.4,157.4,-4.1,3
咯己,32,1857,94.43,219.9,32.79,14.8,64.19,4475,56.6,159.2,0.35,2
咯己,34,2660,109.88,219.9,130.97,16.6,152.34,4900,64.8,160.1,7.2,2
巢己,25,1608,68.82,219.36,79.19,9.7,50.28,2973,51.7,169.9,-2.3,3
咯己,34,1312,36.11,219.32,85.86,13.5,36.82,1881,66.3,146.1,3.3,3
咯己,19,1459,38.32,218.92,118.42,25.5,53.4,1402,42.3,164.2,0.45,3
咯己,34,1695,58.32,217.82,82.85,17.3,65.94,2447,88.3,153.8,5.5,2
巢己,32,2087,67.53,217.8,83.83,23.1,85.86,2861,71.6,170,-0.4,4
咯己,39,1843,60.99,216.93,73.02,14.5,85.34,2499,63.9,164.6,0.9,2
咯己,28,2002,63.44,216.91,69.6,13.7,100.02,3398,60.7,159.7,2.2,4
巢己,32,1705,82.73,216.71,108.2,44.5,64.79,3010,75.4,176.4,1.15,3
巢己,24,2262,81.15,216.67,72.65,10.8,120.55,6310,74.4,164.3,2.4,3
巢己,30,1625,87.39,215.6,78.66,12.3,46.51,7119,64,167.9,1,1
咯己,33,1414,43.4,215.53,71,25.9,47.05,1682,71.5,153.1,-2.75,3
巢己,27,1325,86.13,213.7,19.02,4.2,11.41,3032,77.5,169.2,4.6,3
巢己,30,2086,183.93,213.27,42.35,25.1,52.37,7858,65.7,174.7,-1.8,3
巢己,31,2810,123.15,213.19,55.54,13.1,96.91,5867,88.7,167.2,12.2,3
咯己,19,2078,95.95,213.07,145.43,9.1,95.02,2769,53.7,153.7,-0.3,3
咯己,26,2053,55.76,212.96,105.06,22.7,114.38,1528,50.1,155.9,0.6,3
咯己,29,2441,90.19,212.95,78.61,12.3,111.66,3611,98.5,167.3,13,1
巢己,27,1669,95.53,211.83,71.52,32.4,53.3,4753,89,169.6,-3.25,2
巢己,23,1565,31.88,208.97,59.44,9.4,60.39,2216,76.8,174.1,4.8,2
咯己,29,1767,109.87,208.21,97,13.2,55.7,3235,63.7,159.3,7.45,3
咯己,30,1959,90.43,207.48,73.7,15.1,87,4404,49.1,161.2,-0.4,1
咯己,29,1305,62.81,207.36,72.44,20.4,27.23,2584,53.4,160.8,2.1,3
巢己,25,1610,55.35,207.06,70.07,15.5,66.27,2352,63.4,162.5,-5,2
巢己,19,1300,45.85,206.91,46.58,8.8,33.61,3647,55.2,170.6,8.85,3
巢己,19,1500,57.59,206.58,29.12,14.5,50.68,2804,75.6,176.5,1.35,3
巢己,27,2239,109.67,206.31,39.78,10,65.62,5279,64.7,169.2,1.7,3
咯己,28,2433,120.57,206,89.25,39.6,133.16,4708,70.1,157.8,-4.15,3
巢己,32,1506,43.9,205.54,14.99,29,36.61,2486,73.8,174.7,-3.6,4
咯己,31,1626,47.09,205.26,65.83,12.4,72.17,2390,50.7,161.6,-0.6,1
咯己,36,1450,70.52,205.18,70.86,22.8,41.2,2213,89.3,154.7,8.3,3
巢己,26,1357,44.01,204.65,45.12,16.2,41,2147,66.9,166.9,3.9,3
咯己,29,1676,140.42,204.4,55.54,14.2,31.18,6266,49.2,157,3.3,3
咯己,37,1519,104.7,203.98,54.6,14.9,31.27,4821,50.1,152.2,2.85,2
咯己,30,1873,93.11,203.36,90.94,16.1,76.38,2469,76.3,156,8.8,1
咯己,27,2847,122,203.11,105.76,5.5,97.92,3085,52.1,161.6,0.35,3
咯己,26,1486,33.92,201.5,121.2,13.8,66.27,2488,43.6,160.4,-0.5,1
巢己,36,2375,70.89,201.49,95.13,23.8,151.41,2552,60.7,164,-0.05,2
咯己,34,1898,86.25,201.45,64.99,11,82.43,2977,46.9,159.3,0.1,4
巢己,26,1214,39.5,201.23,28.79,13.6,29.16,2196,78.1,178.1,0.25,2
咯己,19,1800,65.64,201,63.73,8.8,80.39,3658,88.1,161.1,16.1,2
咯己,23,1516,64.18,200.62,66.1,14.1,51.8,3357,49.4,160.1,0.8,3
咯己,24,1365,54.73,200.61,51.55,18.4,38.23,2790,52.2,162.6,4.5,3
咯己,21,1793,39,200.39,83.91,12.1,92.55,2681,88.5,154.2,3,1
巢己,31,2075,104.75,200,14.85,16.9,79.39,3740,92.4,169.5,1.5,3
巢己,19,1498,75.3,199.41,101.8,8.9,43.74,1659,76.1,168.7,8.6,2
咯己,38,2171,35.07,198.96,23.26,21.5,80.05,2450,68.8,161.9,-3.2,2
咯己,28,1588,79.29,198.56,60.31,20.8,55.59,4811,52.9,159.4,0.7,2
巢己,31,2152,90.13,198.1,70.63,10.9,114.1,5087,72.9,168.6,3.15,3
巢己,32,1882,130.95,197.84,69.22,9.9,60.96,3080,81.5,173.1,2.75,2
咯己,27,1700,72.16,197.66,49.94,11.7,69.5,3545,54.1,152.6,-0.8,3
咯己,38,1386,70.74,197.23,82.13,20.4,39.12,2806,56.8,158.3,1,2
咯己,26,1357,55.38,196.28,87.92,13.4,40.78,5886,49.2,157.3,4.2,3
巢己,24,1097,27.82,195.84,43.18,10.6,25.09,3662,63.6,175.7,-0.75,3
咯己,33,2192,149.37,195.79,79.29,33.2,95.8,2234,63.2,153.9,4.7,3
巢己,34,1887,105.37,195.74,51.39,17.8,78.77,6003,71.1,173.6,-5.4,2
咯己,26,1283,39.31,195.68,65.05,10.6,38.72,1914,59.7,154.4,-1.95,1
巢己,38,1221,42.35,195.06,81.03,11.8,29,2255,64.9,165.4,6.4,2
咯己,36,1494,72.53,193.94,78.16,10.4,48.68,3404,81.4,161,2.65,2
咯己,34,1168,37.82,192.77,93.3,15.2,29.63,1157,65.7,160.4,0.45,2
咯己,26,1356,42.4,192.27,30.61,15.7,48.15,3314,51.4,158.8,0.1,2
咯己,36,1888,53.23,191.48,60.62,9.2,77.14,2933,59.5,145.8,-3.5,3
咯己,26,1884,76.15,191.14,34.28,17.1,66.99,2753,47.8,154.6,-2.6,3
巢己,27,1372,44.34,191.11,23.93,24.9,46.98,1893,61.9,166.5,3.4,2
巢己,30,1456,65.04,191.1,28.87,23.2,49.06,3240,67.9,169,-1.85,3
巢己,34,2350,159.32,190.39,21.59,14.2,104,7476,73.2,172.7,-5.55,2
咯己,36,1209,55.06,189.75,32.07,11,25.72,4015,47.6,160.2,-0.1,2
巢己,20,2151,92.89,189.08,78.49,15.6,116.06,3966,86.8,174.3,3.55,2
咯己,31,1182,37.06,188.65,43.47,16.5,34.01,1646,71.3,161.4,6.95,3
咯己,28,1299,25.75,188.65,86.08,19.5,51.93,1750,68.9,168.3,5.9,2
咯己,35,1160,32.89,188.42,56.58,18.9,33.24,1851,53,167,-1.45,2
巢己,21,2046,85.27,187.97,39.97,10.1,53.93,2208,61.9,172.8,3.4,3
咯己,28,1267,42.32,187.48,33.32,16.9,37.8,2249,82.7,150.9,19.7,3
巢己,34,1599,87.24,187.48,72.51,11.3,51.81,3513,70.9,173.2,1.6,3
咯己,31,1214,46.23,185.23,98.54,15.8,33.68,2054,64.1,165.5,1.1,2
咯己,37,1523,62.55,185.05,56.09,29.9,60.34,2117,69.4,155.5,1,2
巢己,29,1626,84.51,184.61,6.58,7.8,57.99,3682,85.9,176.8,-4.1,2
巢己,38,1715,138.52,184.08,109.48,5,47.79,3051,69.8,170.4,6.8,2
巢己,25,1821,96.02,184.07,83.94,24.8,80.11,2700,71.1,171.9,8.1,2
咯己,33,1670,66.56,184.05,64.74,23.7,75.96,2062,54.9,163.3,2.25,3
咯己,27,2366,95.63,184.02,43.75,15.8,143.24,4250,74.8,153.8,7.3,3
巢己,28,1712,116.55,183.15,43.67,22.8,43.29,3304,70.2,168.5,0,3
咯己,25,1988,94.36,183.01,39.7,11.6,98.35,3421,43.6,156.1,0.85,3
咯己,37,1653,53.96,182.72,74.28,11.9,78.37,2373,55.7,168.7,1.7,1
巢己,33,1238,34.87,181.99,51.92,30.6,43.75,1523,84.7,181.5,1.9,3
巢己,28,2116,86.08,180.72,110.38,26.1,123.63,4717,62.1,162.5,2.25,4
巢己,38,1828,80.37,179.69,39.13,10.9,86.99,5186,90.1,172.4,6.85,3
咯己,30,2021,102.27,179.66,57.52,11.2,98.81,3509,69.1,151.6,3.85,3
咯己,27,1831,109.99,179.01,90.87,23.4,68.94,4621,56.9,160.3,-1.6,3
咯己,34,1373,50.46,178.9,16.71,9.9,51.1,3865,61.3,165.4,2.8,2
咯己,31,1111,26,178.61,54.83,12.6,33.18,2383,68.7,159.2,-3.3,2
巢己,31,1656,74.81,178.15,25.44,11.9,61.79,3131,81.1,173,1.9,3
咯己,26,1185,36.25,177.84,25.24,8.1,36.49,1827,68.6,158.6,5.6,2
巢己,22,1771,119.21,177.67,96.29,10.4,64.66,3472,65.1,177.2,-6.9,3
咯己,34,1125,41.23,177.04,36.52,22.7,28.54,2383,39.8,155.2,-7.45,2
咯己,20,1384,63.03,176.34,106.66,15.2,51.42,1184,73.6,163,-7.4,3
巢己,26,1753,64.75,176.12,65.74,16.9,91.72,2820,78.4,168.5,4.15,3
巢己,28,2513,285.83,175.42,52.01,48.7,80.46,7699,92.2,175.1,-9.05,4
咯己,38,1618,70.82,175.14,56.63,19.9,73.55,3294,69,170.6,2.4,3
巢己,22,1901,84.01,174.78,108.27,6.3,72.28,3272,67.4,170.4,-2.35,1
咯己,19,1628,116.66,174.47,96.21,12.1,53.28,4665,48.1,149.9,-5.9,2
咯己,37,1652,77.31,174.36,23.11,8.3,70.09,3182,57.8,153,-2.95,2
咯己,38,1694,91.28,173.91,45.72,19.7,72.31,3704,47.9,155.8,0.65,3
咯己,21,1330,64.93,173.31,37.52,10.4,42.43,5512,60.2,155.1,8.45,3
咯己,32,1632,55.4,173.03,80.76,17.6,69,2842,53.8,159.5,1.6,3
咯己,33,1092,33.2,172.31,57.09,21.7,32.57,1244,78.1,151.4,12.4,2
咯己,25,1760,147.86,172.05,52.95,8.2,51.26,4989,61.5,161.1,7.5,1
咯己,36,1735,73.49,170.81,45.66,11.9,84.53,3300,47.5,150.3,-0.2,3
咯己,38,1255,55.61,170.33,43.99,13.4,40.76,3569,60.7,163.3,4,3
咯己,19,1037,54.53,170.25,55.45,6.2,15.35,1521,50.2,153.6,0.7,3
咯己,30,1617,65.71,169.07,57.05,16.5,79.12,2807,57.9,165.1,3.45,2
咯己,23,1338,39.77,166.75,51.13,5.6,29.03,1918,52,158,0.25,2
咯己,26,1341,45.96,166.56,57.54,9.5,44.24,3747,60,171,0.6,3
咯己,33,1523,62.65,166.16,51.75,5.7,67.13,2326,58.1,164.3,-0.4,3
巢己,27,2140,89.44,165.75,18.4,13.2,94.96,4026,74.9,177.5,-3.85,3
咯己,29,1336,48.22,165.63,106.28,5.3,55.05,1848,86.1,166.7,-6.15,2
咯己,33,950,19.58,165.57,87.38,19.2,24.86,870,73,162.5,-3.5,2
巢己,25,1696,102.45,165.14,43.55,12.5,68.58,2688,63.3,168.7,0.3,3
咯己,35,1060,29.85,165.08,93.17,10.2,33.64,2479,61.6,153.5,0.85,3
咯己,20,1355,59.03,163.63,97.6,5,53.22,2130,39,154.2,-5.1,3
巢己,24,1492,65.92,163.23,53.92,10.8,64.35,3053,60.9,169.4,0.6,2
巢己,29,1652,88.37,163.21,38.32,9.9,62.01,3104,84.4,178.6,2.95,3
咯己,24,959,31.81,163.18,70.92,12.4,20.95,1185,54.1,161.3,-6.65,2
咯己,35,1966,83.03,162.73,31.15,13.6,109.13,6879,58.1,149.2,-4.9,2
咯己,31,1083,38.74,162.47,28.26,7.9,29.4,3106,90.6,168.7,0.6,3
咯己,22,1321,78.22,162.16,68.56,6.5,40,2412,62.7,176.9,-4.8,4
咯己,39,1124,34.94,162.08,49.71,25.6,39.71,1548,71.2,160.2,1.45,2
巢己,29,1267,51.07,162.04,66.49,9.3,47.3,1789,43.7,157,1.4,3
咯己,29,1620,58.8,161.52,88.72,4.6,81.48,2172,64.6,154.9,6.1,1
巢己,39,1554,82.21,161.32,31.58,14.5,65.25,7574,64.3,167.2,3.55,3
巢己,29,1555,85.3,160.85,68.77,6.6,54.48,2549,91.4,174.5,11.75,3
巢己,22,1563,49.12,160.65,48.42,9.5,80.71,2195,49.2,168.5,-2.1,1
巢己,25,1503,43.23,160.56,61.25,14.8,23.48,1335,53.9,160.6,-12.7,4
巢己,33,1573,75.96,160.33,42.83,12,70.82,3857,55.6,177.1,-0.65,2
咯己,31,1251,97.37,160.14,65.44,10.3,25.98,2048,62,158.9,5.75,3
巢己,25,1398,57.53,159.87,83.27,6,59.27,2357,58.7,159.2,0.2,2
巢己,19,1028,32.77,159.83,65.34,19.2,32.37,1949,71.4,176.3,3.9,3
咯己,32,993,43.11,159.75,24.68,5.9,17.27,2854,51.6,148.3,5.25,2
咯己,23,1342,56.77,159.6,58.74,12.7,53.84,2390,48.1,148.7,-2.3,3
巢己,36,1682,87.51,159.4,71.6,10.5,76.72,4034,86.4,173.1,-3.6,3
咯己,36,1223,57.01,159.16,90.27,25.6,44.59,1725,58.7,163.4,-1.6,3
咯己,34,1399,64.69,158.29,79.09,11,57.13,3889,65.9,160.6,9.65,3
巢己,30,1064,51.76,157.44,23.17,10.1,26.12,2201,88,178.3,1.6,3
咯己,24,1448,20.99,157.3,83.87,10.4,85.45,2065,50.4,169.6,-8.1,2
巢己,24,2650,164.84,156.23,59.69,13.3,77.95,3033,70.5,174.3,-1.5,3
咯己,31,1310,68.08,156.22,60.09,11.4,48.88,1733,53.1,150.8,2.7,3
巢己,26,1400,88.98,156.12,34.6,17.8,48.96,4291,79,185,-4.25,3
咯己,28,995,41.88,155.9,4.97,7.9,21.78,3415,49.2,160.9,0.6,2
咯己,34,1103,33.51,154.71,90.33,4,40.95,1792,40.9,158.3,1.3,2
咯己,34,1383,90.67,154.42,34.37,6.3,41.79,2608,50.9,158.5,0.05,3
咯己,24,1620,84.09,154.01,99.08,13.5,78.13,3619,52.5,163.9,0.75,2
巢己,33,1590,94.17,153.82,43.35,18.2,70.43,2280,92.2,173.1,13,4
咯己,32,1020,38.38,153.23,29.13,4.8,27.4,2842,46.5,157.7,-0.3,1
巢己,33,1165,46.95,152.05,30.54,23.5,43.31,3415,59,164.5,0.5,3
巢己,33,1221,79.32,151.36,23.2,15.7,32.71,2173,75.9,169,0.3,3
巢己,27,1304,105.34,150.27,36.98,3.4,29.33,2928,60.3,171.3,-2.25,2
咯己,34,1059,35,150.11,89.67,17,38.97,2278,48,154.3,2.1,3
巢己,26,2033,111.73,149.81,27.15,15.9,108.22,3805,71.1,175.6,-1.42E-14,2
巢己,37,1872,115.05,149.55,57.37,12.7,92.65,3125,83.2,174.1,2.2,3
巢己,22,1430,91,149.24,13.55,8.4,50.65,2913,71.2,172.7,6.85,2
咯己,37,990,40.69,147.47,37.06,11,28.19,2923,61.4,157.3,2,1
咯己,24,886,23.74,147.43,85.18,4.5,23.94,1712,51.8,158.4,-2.2,3
咯己,20,1498,67.09,147.29,39.85,20.4,63.98,3350,54.3,156.8,2.1,3
咯己,27,1137,35.42,147.18,88.69,2.5,45.19,1475,75,155.5,3,2
巢己,31,1045,32.05,146.96,37.95,4.3,37.09,1614,69.1,164.7,1.6,1
巢己,30,1063,27.8,146.83,54.1,5.8,41.13,1324,75.4,170.4,-5.6,4
咯己,25,1100,53.55,145.85,57.65,13.1,35.98,2140,87.5,151.5,11.9,2
巢己,24,1427,110.14,145.83,18.31,15,43.18,4574,62.2,183.8,-0.8,3
咯己,36,1090,50.83,145.68,61.88,15.3,39,2087,61.4,163,-6.1,2
巢己,28,1521,67.46,144.1,49.27,16.8,66.66,3350,90.1,178.4,0.1,4
巢己,33,1628,74.13,143.36,48.56,12.7,87.49,2130,77.7,182.6,0.3,1
咯己,34,1289,72.5,142.74,40.79,21.5,49.6,1957,51.9,157.4,-4.35,3
咯己,36,996,43.58,142,4.09,4.6,26.22,2363,60.8,155.9,4.55,2
巢己,25,1625,160.95,141.79,34.44,26.4,47.28,3632,80.2,178.5,9.55,2
咯己,38,879,33.81,141.73,58.22,17.6,21.97,1406,57.4,156.9,4.3,1
巢己,36,723,31.73,141.33,95.72,21.1,9.7,2288,71.1,173.9,-0.45,2
巢己,20,1285,61.85,140.98,53.01,9.1,52.79,2067,119.6,177.3,20.6,3
咯己,21,1377,56.73,140.79,44.42,15.6,67.13,2378,48.5,157.8,-3.25,2
巢己,19,1582,85.41,138.51,51.47,6.2,75.25,3174,62.8,175.8,-2.45,2
咯己,23,1310,54.82,136.77,83.57,18,67.07,2301,83.7,158.3,-3.6,2
咯己,19,810,36.16,136.44,26.93,5.5,12.73,2770,48.8,154.8,-2.95,3
咯己,32,1231,98.09,134.05,43.17,9.1,32.36,1940,73.8,159.6,10.8,4
咯己,23,1462,59.16,133.89,26.7,13.4,78.09,2824,72.1,166.4,-4.4,2
巢己,24,2144,228.49,133.64,37.52,10.7,76.75,5272,78.7,178.2,-2.3,2
咯己,23,1147,51.33,133.63,39.96,6.1,45.41,2638,50.7,160.7,3.45,2
咯己,22,1269,40.46,133.61,48.42,6.9,63.19,1840,51.2,161.6,6.2,2
咯己,27,1405,83.26,133.1,44.85,7.3,60.64,2895,44.3,152.6,1.1,3
咯己,30,1088,43.4,133,36.25,2.9,41.78,2041,55.4,154.6,3.65,3
巢己,32,1564,52.35,132.55,39.61,10.1,49.9,2109,98.1,194.7,-5.4,3
咯己,36,1475,43.92,132.16,25.77,9.5,87.75,2047,55.6,150,3.85,3
咯己,26,1521,100.76,132.16,43.68,25.9,68.07,2589,57.2,160.2,-0.85,2
咯己,37,1194,67.54,131.26,77.08,7.9,45.49,2588,61.9,146.5,12.4,2
咯己,27,1469,143.51,130.41,22.85,8.7,40.55,6015,65.4,159.6,14.55,3
咯己,27,1354,57.38,130.1,33.64,11.4,64.81,2366,48,152.5,0.75,2
巢己,37,1787,122.89,129.23,54.31,9.4,85.34,4627,76.9,169.3,-6.35,2
咯己,26,1317,80.88,128.9,51.12,9.3,52.31,3574,59.2,160.6,6.1,3
咯己,31,981,46.82,128.52,92.01,21.1,35.43,3809,46.3,158.8,-2.3,2
咯己,19,1217,47.38,128.42,53.17,6.7,58.13,1291,45.3,157.6,-1.05,2
巢己,23,1555,94.02,128.41,85.42,7.2,62.55,2927,99.6,172.4,19.5,3
咯己,25,1241,92.74,128.19,69.4,19.3,43.98,2240,52.4,159,-2.5,4
咯己,26,1375,90.92,127.98,31.46,12.9,57.9,3115,52.5,160.3,-0.6,2
巢己,32,1334,76.76,127.92,35.43,9.4,60.32,3482,86.7,167.7,5.7,2
巢己,29,944,22.16,125.45,48.2,19.6,44.82,1889,106.2,186.1,-0.9,3
巢己,21,1013,40.98,124.41,22.5,5.8,38.2,1476,70.4,167.2,2,3
巢己,29,897,33.21,123.76,41.74,6,21.61,1672,72.7,169.5,5.65,2
咯己,30,901,41.53,122.71,61.44,10.6,30.5,1366,53.2,159.4,1.45,3
咯己,33,999,43.53,120.29,50.22,14.6,39.72,1986,54.2,156.1,4.7,3
咯己,39,1677,48.8,119.94,21.18,13.1,85.41,2693,55.8,164.6,-6.3,3
巢己,32,3736,333.58,119.58,23.07,9.1,210.31,9892,76.6,176.4,-2.15,3
咯己,37,1204,81.15,119.41,26.12,7.9,44.7,2675,62,155.7,-14.5,2
巢己,22,1155,56.98,118.43,30.78,11.9,51.59,3179,98.8,179.2,-9.2,4
巢己,20,1347,102.56,118.32,46.88,11.4,51.51,6966,64.9,172.7,4.15,3
巢己,29,1443,60.3,118,13.39,10.5,83.63,4469,77.3,177.9,5.3,4
咯己,36,1960,118.26,117.37,59.58,9.9,113,3990,51.1,162.3,-0.65,3
巢己,19,1101,54.94,117.24,92.94,3.7,45.46,1228,80.2,175.5,-5.3,3
咯己,29,1464,76.57,114.73,71.88,9.7,81.71,2560,64,157.6,-8,2
咯己,29,851,15.05,114.67,47.37,3.9,37.42,955,50.2,153.8,-1.55,1
咯己,20,1080,39.4,113.73,46.5,5,52.05,1935,61.5,162.3,5.25,3
咯己,35,1376,34.34,112.14,45.79,12.9,87.02,1291,77.7,163.7,10.2,4
巢己,20,1032,71.48,112.1,18.37,7.3,32.25,3039,83,173.4,-7,3
咯己,37,1341,47.56,111.7,47.11,10.6,60.12,2354,52.2,154.6,1.8,3
咯己,24,985,64.62,111.38,14.39,9.2,31.38,3874,53.4,149.4,7.5,2
巢己,29,1650,76.11,110.64,16.35,5.2,90.84,9961,62.5,157.1,-1.4,3
咯己,38,601,8.36,109.9,68.78,2,15.42,570,72.3,149.2,-0.15,4
咯己,28,1274,76.74,108.65,48.68,12.8,42.18,1799,66.5,158.1,1.25,2
巢己,29,1046,59.96,108.13,9.49,6.3,42.15,2499,88.3,172.2,6.4,3
咯己,27,1050,65.55,107.32,21.42,2.7,37.82,2013,52.7,156.3,3.2,3
咯己,27,737,17.72,106.24,56.68,4,27.53,763,50.7,147.3,-3.3,1
巢己,25,1196,75.95,105.28,54.46,10.4,52.79,3501,77.2,180.8,-0.2,3
咯己,23,1072,19.25,105.07,50.84,13.6,35.66,1527,55.4,155.7,0.5,2
咯己,39,1140,66.25,105.03,18.28,5,48.83,2132,72.9,160.6,-5.85,1
巢己,31,1316,86.82,104.3,4.02,3.3,58.63,2112,63.1,173.9,0.1,2
咯己,30,845,56.1,104.24,48.51,3.2,21.1,4085,53.6,160.1,-0.4,3
咯己,20,736,40.89,104.14,23.81,14.2,20.21,1508,41.7,155.1,-1.05,3
咯己,20,971,29.76,103.72,48.35,9.3,50.19,2031,48.8,148.6,-1.6,2
咯己,23,953,44.84,102.73,41.47,8.4,40.63,983,63.8,154,-5.5,3
咯己,34,972,41.04,102.5,9.99,7.2,43.81,2294,71.8,156.4,-9.2,2
巢己,21,1033,68.55,100.69,17.8,13.2,40.28,2067,71.3,174.3,-0.7,3
咯己,21,1588,102.79,98.59,36.54,18,89.59,3077,52.4,157,-1.6,3
巢己,34,2005,152.52,96.58,18.9,17.2,114.02,4336,85.6,174.6,2.35,3
巢己,22,1244,100.27,96.54,64.66,8.2,49.32,3424,71.7,171.6,4.2,2
咯己,39,772,58.11,96.44,4.35,3.9,15.48,2982,50,153.8,5,3
巢己,21,936,66.76,95.61,40.33,2.4,28.17,1550,87.3,167.2,-4.95,1
咯己,39,818,54.65,94.86,19.24,6.3,23.82,2070,54.8,155.5,-5.95,2
巢己,20,1152,69.17,91.25,29.63,11,58.82,3843,68,172.1,3.65,3
巢己,39,951,73.9,91.24,18.95,5.3,30.71,3980,65.2,171.3,4.45,2
咯己,31,871,59.97,90.21,32.82,5,30.54,3413,60.7,160.9,3.1,2
咯己,20,863,49.38,89.19,4.86,4.2,34.37,2487,55.7,157,-2.8,4
咯己,38,927,37.68,87.12,17.09,8.2,48,2165,63.1,159.6,4.6,3
巢己,22,1090,59.32,84.74,3.75,3.6,55.52,2695,58.7,165.9,-1.6,2
咯己,28,912,21.3,82.49,33.1,19.3,57.39,1234,52.3,153.9,0.55,1
咯己,24,788,26.36,80.91,7.74,12.1,40.76,1013,57.1,152.9,3.1,3
巢己,20,1225,100.49,69.96,25.92,7.4,60.19,4136,64,167.9,5.5,3
咯己,30,678,17.28,64.1,28.58,2.6,19.54,951,44.5,149.2,-1.85,3
咯己,24,759,60.62,55.08,29.92,5,33.74,2128,50.4,153,0.9,3
巢己,31,1335,79.19,52.08,6.62,4.4,88.26,2630,62.1,166.9,-7.65,2
咯己,35,630,60.6,50.74,25.99,4.6,15.99,791,46.1,162.9,-1.15,3
巢己,22,1869,112.04,44.01,10.78,4.7,137.53,4933,91.9,174,-1.25,3
